Date,Type,Sub Type,Action,Symbol,Instrument Type,Description,Value,Quantity,Average Price,Commissions,Fees,Multiplier,Root Symbol,Underlying Symbol,Expiration Date,Strike Price,Call or Put,Order #,Currency
2024-11-07T11:40:48-0600,Trade,Buy to Close,BUY_TO_CLOSE,SMH   241115P00225000,Equity Option,Bought 1 SMH 11/15/24 Put 225.00 @ 0.09,-9.00,1,-9.00,0.00,-0.13,100,SMH,SMH,11/15/24,225,PUT,350370803,USD
2024-11-07T11:40:48-0600,Trade,Sell to Close,SELL_TO_CLOSE,SMH   241115P00220000,Equity Option,Sold 1 SMH 11/15/24 Put 220.00 @ 0.06,6.00,1,6.00,0.00,-0.14,100,SMH,SMH,11/15/24,220,PUT,350370803,USD
2024-11-06T09:49:56-0600,Trade,Sell to Open,SELL_TO_OPEN,IYR   241206P00098500,Equity Option,Sold 1 IYR 12/06/24 Put 98.50 @ 2.81,281.00,1,281.00,-1.00,-0.14,100,IYR,IYR,12/06/24,98.5,PUT,350068000,USD
2024-11-06T09:49:56-0600,Trade,Buy to Close,BUY_TO_CLOSE,IYR   241115P00099000,Equity Option,Bought 1 IYR 11/15/24 Put 99.00 @ 2.71,-271.00,1,-271.00,0.00,-0.13,100,IYR,IYR,11/15/24,99,PUT,350068000,USD
2024-11-06T09:48:27-0600,Trade,Sell to Open,SELL_TO_OPEN,XLU   241206P00077500,Equity Option,Sold 1 XLU 12/06/24 Put 77.50 @ 1.70,170.00,1,170.00,-1.00,-0.14,100,XLU,XLU,12/06/24,77.5,PUT,350067033,USD
2024-11-06T09:48:27-0600,Trade,Buy to Close,BUY_TO_CLOSE,XLU   241115P00078000,Equity Option,Bought 1 XLU 11/15/24 Put 78.00 @ 1.55,-155.00,1,-155.00,0.00,-0.13,100,XLU,XLU,11/15/24,78,PUT,350067033,USD
2024-10-21T08:36:37-0500,Trade,Sell to Open,SELL_TO_OPEN,SLV   241220P00029000,Equity Option,Sold 1 SLV 12/20/24 Put 29.00 @ 0.71,71.00,1,71.00,-1.00,-0.14,100,SLV,SLV,12/20/24,29,PUT,347209041,USD
2024-10-08T10:03:21-0500,Trade,Buy to Close,BUY_TO_CLOSE,IYR   241018P00100500,Equity Option,Bought 1 IYR 10/18/24 Put 100.50 @ 2.37,-237.00,1,-237.00,0.00,-0.13,100,IYR,IYR,10/18/24,100.5,PUT,345277842,USD
2024-10-08T10:03:21-0500,Trade,Sell to Open,SELL_TO_OPEN,IYR   241115P00099000,Equity Option,Sold 1 IYR 11/15/24 Put 99.00 @ 2.51,251.00,1,251.00,-1.00,-0.14,100,IYR,IYR,11/15/24,99,PUT,345277842,USD
2024-10-02T12:24:29-0500,Trade,Sell to Open,SELL_TO_OPEN,XLU   241115P00078000,Equity Option,Sold 1 XLU 11/15/24 Put 78.00 @ 0.91,91.00,1,91.00,-1.00,-0.14,100,XLU,XLU,11/15/24,78,PUT,344467101,USD
2024-09-25T12:33:15-0500,Trade,Buy to Close,BUY_TO_CLOSE,XLU   241018P00075000,Equity Option,Bought 1 XLU 10/18/24 Put 75.00 @ 0.14,-14.00,1,-14.00,0.00,-0.13,100,XLU,XLU,10/18/24,75,PUT,343351018,USD
2024-09-24T09:25:10-0500,Trade,Buy to Close,BUY_TO_CLOSE,XME   241018P00060000,Equity Option,Bought 1 XME 10/18/24 Put 60.00 @ 0.64,-64.00,1,-64.00,0.00,-0.13,100,XME,XME,10/18/24,60,PUT,343069242,USD
2024-09-23T13:56:02-0500,Trade,Sell to Open,SELL_TO_OPEN,IYR   241018P00100500,Equity Option,Sold 1 IYR 10/18/24 Put 100.50 @ 0.97,97.00,1,97.00,-1.00,-0.14,100,IYR,IYR,10/18/24,100.5,PUT,342972536,USD
2024-09-23T13:53:33-0500,Trade,Sell to Open,SELL_TO_OPEN,SMH   241115P00225000,Equity Option,Sold 1 SMH 11/15/24 Put 225.00 @ 7.18,718.00,1,718.00,-1.00,-0.15,100,SMH,SMH,11/15/24,225,PUT,342971895,USD
2024-09-23T13:53:33-0500,Trade,Buy to Open,BUY_TO_OPEN,SMH   241115P00220000,Equity Option,Bought 1 SMH 11/15/24 Put 220.00 @ 5.80,-580.00,1,-580.00,-1.00,-0.13,100,SMH,SMH,11/15/24,220,PUT,342971895,USD
2024-09-10T10:07:06-0500,Trade,Sell to Open,SELL_TO_OPEN,XLU   241018P00075000,Equity Option,Sold 1 XLU 10/18/24 Put 75.00 @ 0.85,85.00,1,85.00,-1.00,-0.14,100,XLU,XLU,10/18/24,75,PUT,340904262,USD
2024-09-10T10:01:05-0500,Trade,Sell to Open,SELL_TO_OPEN,XME   241018P00060000,Equity Option,Sold 1 XME 10/18/24 Put 60.00 @ 6.08,608.00,1,608.00,-1.00,-0.15,100,XME,XME,10/18/24,60,PUT,340902246,USD
2024-09-10T10:01:05-0500,Trade,Buy to Close,BUY_TO_CLOSE,XME   240920P00060000,Equity Option,Bought 1 XME 09/20/24 Put 60.00 @ 5.93,-593.00,1,-593.00,0.00,-0.13,100,XME,XME,9/20/24,60,PUT,340902246,USD
2024-08-16T12:44:33-0500,Trade,Sell to Open,SELL_TO_OPEN,KRE   240920P00052000,Equity Option,Sold 1 KRE 09/20/24 Put 52.00 @ 0.70,70.00,1,70.00,-1.00,-0.14,100,KRE,KRE,9/20/24,52,PUT,337557520,USD
2024-08-15T10:27:52-0500,Trade,Buy to Close,BUY_TO_CLOSE,XLP   240816P00078000,Equity Option,Bought 1 XLP 08/16/24 Put 78.00 @ 0.03,-3.00,1,-3.00,0.00,-0.13,100,XLP,XLP,8/16/24,78,PUT,337291408,USD
2024-07-31T09:10:22-0500,Trade,Sell to Open,SELL_TO_OPEN,XME   240920P00060000,Equity Option,Sold 1 XME 09/20/24 Put 60.00 @ 1.00,100.00,1,100.00,-1.00,-0.14,100,XME,XME,9/20/24,60,PUT,334443687,USD
2024-07-29T10:26:50-0500,Trade,Buy to Close,BUY_TO_CLOSE,XLU   240816P00066000,Equity Option,Bought 1 XLU 08/16/24 Put 66.00 @ 0.08,-8.00,1,-8.00,0.00,-0.13,100,XLU,XLU,8/16/24,66,PUT,334049408,USD
2024-07-18T14:39:31-0500,Trade,Sell to Open,SELL_TO_OPEN,XLP   240816P00078000,Equity Option,Sold 1 XLP 08/16/24 Put 78.00 @ 0.71,71.00,1,71.00,-1.00,-0.14,100,XLP,XLP,8/16/24,78,PUT,332537065,USD
2024-07-18T14:33:02-0500,Trade,Buy to Close,BUY_TO_CLOSE,XME   240719P00059000,Equity Option,Bought 1 XME 07/19/24 Put 59.00 @ 0.05,-5.00,1,-5.00,0.00,-0.13,100,XME,XME,7/19/24,59,PUT,332533475,USD
2024-07-17T14:15:24-0500,Trade,Buy to Close,BUY_TO_CLOSE,EWW   240719P00060000,Equity Option,Bought 1 EWW 07/19/24 Put 60.00 @ 0.55,-55.00,1,-55.00,0.00,-0.13,100,EWW,EWW,7/19/24,60,PUT,332272816,USD
2024-07-10T14:44:07-0500,Trade,Buy to Close,BUY_TO_CLOSE,EWZ   240719P00028000,Equity Option,Bought 1 EWZ 07/19/24 Put 28.00 @ 0.12,-12.00,1,-12.00,0.00,-0.13,100,EWZ,EWZ,7/19/24,28,PUT,331084757,USD
2024-07-08T08:42:40-0500,Trade,Sell to Open,SELL_TO_OPEN,XLU   240816P00066000,Equity Option,Sold 1 XLU 08/16/24 Put 66.00 @ 0.41,41.00,1,41.00,-1.00,-0.14,100,XLU,XLU,8/16/24,66,PUT,330512918,USD
2024-07-08T08:37:45-0500,Trade,Buy to Close,BUY_TO_CLOSE,KRE   240719P00046000,Equity Option,Bought 1 KRE 07/19/24 Put 46.00 @ 0.15,-15.00,1,-15.00,0.00,-0.13,100,KRE,KRE,7/19/24,46,PUT,330507073,USD
2024-06-18T09:52:36-0500,Trade,Buy to Close,BUY_TO_CLOSE,KRE   240621P00048000,Equity Option,Bought 1 KRE 06/21/24 Put 48.00 @ 1.09,-109.00,1,-109.00,0.00,-0.13,100,KRE,KRE,6/21/24,48,PUT,327893348,USD
2024-06-18T09:52:36-0500,Trade,Sell to Open,SELL_TO_OPEN,KRE   240719P00046000,Equity Option,Sold 1 KRE 07/19/24 Put 46.00 @ 1.15,115.00,1,115.00,-1.00,-0.14,100,KRE,KRE,7/19/24,46,PUT,327893348,USD
2024-06-17T11:53:35-0500,Trade,Sell to Close,SELL_TO_CLOSE,KRE   240621P00043000,Equity Option,Sold 1 KRE 06/21/24 Put 43.00 @ 0.02,2.00,1,2.00,0.00,-0.14,100,KRE,KRE,6/21/24,43,PUT,327713978,USD
2024-06-17T11:52:18-0500,Trade,Buy to Close,BUY_TO_CLOSE,XBI   240621P00092000,Equity Option,Bought 1 XBI 06/21/24 Put 92.00 @ 1.86,-186.00,1,-186.00,0.00,-0.13,100,XBI,XBI,6/21/24,92,PUT,327713319,USD
2024-06-17T11:52:18-0500,Trade,Sell to Close,SELL_TO_CLOSE,XBI   240621P00090000,Equity Option,Sold 1 XBI 06/21/24 Put 90.00 @ 0.80,80.00,1,80.00,0.00,-0.14,100,XBI,XBI,6/21/24,90,PUT,327713319,USD
2024-06-06T09:02:07-0500,Trade,Sell to Close,SELL_TO_CLOSE,COIN  240621P00227500,Equity Option,Sold 1 COIN 06/21/24 Put 227.50 @ 4.94,494.00,1,494.00,0.00,-0.15,100,COIN,COIN,6/21/24,227.5,PUT,326019572,USD
2024-06-06T09:02:07-0500,Trade,Buy to Close,BUY_TO_CLOSE,COIN  240621P00230000,Equity Option,Bought 1 COIN 06/21/24 Put 230.00 @ 5.65,-565.00,1,-565.00,0.00,-0.13,100,COIN,COIN,6/21/24,230,PUT,326019572,USD
2024-06-06T08:59:32-0500,Trade,Sell to Open,SELL_TO_OPEN,EWW   240719P00060000,Equity Option,Sold 1 EWW 07/19/24 Put 60.00 @ 1.00,100.00,1,100.00,-1.00,-0.14,100,EWW,EWW,7/19/24,60,PUT,326016975,USD
2024-06-06T08:57:36-0500,Trade,Sell to Open,SELL_TO_OPEN,XME   240719P00059000,Equity Option,Sold 1 XME 07/19/24 Put 59.00 @ 0.70,70.00,1,70.00,-1.00,-0.14,100,XME,XME,7/19/24,59,PUT,326015046,USD
2024-06-06T08:56:50-0500,Trade,Sell to Open,SELL_TO_OPEN,EWZ   240719P00028000,Equity Option,Sold 1 EWZ 07/19/24 Put 28.00 @ 0.57,57.00,1,57.00,-1.00,-0.14,100,EWZ,EWZ,7/19/24,28,PUT,326014387,USD
2024-06-06T08:53:24-0500,Trade,Sell to Close,SELL_TO_CLOSE,./LEQ4 LEN4  240705P178,Future Option,Sold 1 /LEQ4 LEN4 07/05/24 Put 178.00 @ 3.425,"1,370.00",1,"1,370.00",0.00,-2.42,1,"./LEQ4 LEN4  ",/LEQ4,7/05/24,178,PUT,326011287,USD
2024-06-06T08:53:24-0500,Trade,Buy to Close,BUY_TO_CLOSE,./LEQ4 LEN4  240705P179,Future Option,Bought 1 /LEQ4 LEN4 07/05/24 Put 179.00 @ 4.0,"-1,600.00",1,"-1,600.00",0.00,-2.42,1,"./LEQ4 LEN4  ",/LEQ4,7/05/24,179,PUT,326011287,USD
2024-06-04T08:35:09-0500,Trade,Sell to Close,SELL_TO_CLOSE,XLY   240621P00176000,Equity Option,Sold 1 XLY 06/21/24 Put 176.00 @ 2.82,282.00,1,282.00,0.00,-0.14,100,XLY,XLY,6/21/24,176,PUT,325541719,USD
2024-06-04T08:35:09-0500,Trade,Buy to Close,BUY_TO_CLOSE,XLY   240621P00179000,Equity Option,Bought 1 XLY 06/21/24 Put 179.00 @ 4.67,-467.00,1,-467.00,0.00,-0.13,100,XLY,XLY,6/21/24,179,PUT,325541719,USD
2024-06-04T08:32:54-0500,Trade,Sell to Close,SELL_TO_CLOSE,./ZCN4 OZCN4 240621P455,Future Option,Sold 1 /ZCN4 OZCN4 06/21/24 Put 455.00 @ 17.625,881.25,1,881.25,0.00,-2.42,1,"./ZCN4 OZCN4 ",/ZCN4,6/21/24,455,PUT,325539160,USD
2024-06-04T08:32:54-0500,Trade,Buy to Close,BUY_TO_CLOSE,./ZCN4 OZCN4 240621P460,Future Option,Bought 1 /ZCN4 OZCN4 06/21/24 Put 460.00 @ 21.625,"-1,081.25",1,"-1,081.25",0.00,-2.42,1,"./ZCN4 OZCN4 ",/ZCN4,6/21/24,460,PUT,325539160,USD
2024-06-04T08:32:07-0500,Trade,Sell to Close,SELL_TO_CLOSE,./ZSN4 OZSN4 240621P1220,Future Option,Sold 1 /ZSN4 OZSN4 06/21/24 Put 1220.00 @ 44.5,"2,225.00",1,"2,225.00",0.00,-2.42,1,"./ZSN4 OZSN4 ",/ZSN4,6/21/24,1220,PUT,325538282,USD
2024-06-04T08:32:07-0500,Trade,Buy to Close,BUY_TO_CLOSE,./ZSN4 OZSN4 240621P1230,Future Option,Bought 1 /ZSN4 OZSN4 06/21/24 Put 1230.00 @ 53.125,"-2,656.25",1,"-2,656.25",0.00,-2.42,1,"./ZSN4 OZSN4 ",/ZSN4,6/21/24,1230,PUT,325538282,USD
2024-05-23T11:16:43-0500,Trade,Buy to Open,BUY_TO_OPEN,./ZSN4 OZSN4 240621P1220,Future Option,Bought 1 /ZSN4 OZSN4 06/21/24 Put 1220.00 @ 15.5,-775.00,1,-775.00,-2.50,-2.42,1,"./ZSN4 OZSN4 ",/ZSN4,6/21/24,1220,PUT,324000245,USD
2024-05-23T11:16:43-0500,Trade,Sell to Open,SELL_TO_OPEN,./ZSN4 OZSN4 240621P1230,Future Option,Sold 1 /ZSN4 OZSN4 06/21/24 Put 1230.00 @ 19.625,981.25,1,981.25,-2.50,-2.42,1,"./ZSN4 OZSN4 ",/ZSN4,6/21/24,1230,PUT,324000245,USD
2024-05-23T11:09:02-0500,Trade,Buy to Open,BUY_TO_OPEN,./ZCN4 OZCN4 240621P455,Future Option,Bought 1 /ZCN4 OZCN4 06/21/24 Put 455.00 @ 8.25,-412.50,1,-412.50,-2.50,-2.42,1,"./ZCN4 OZCN4 ",/ZCN4,6/21/24,455,PUT,323997363,USD
2024-05-23T11:09:02-0500,Trade,Sell to Open,SELL_TO_OPEN,./ZCN4 OZCN4 240621P460,Future Option,Sold 1 /ZCN4 OZCN4 06/21/24 Put 460.00 @ 10.5,525.00,1,525.00,-2.50,-2.42,1,"./ZCN4 OZCN4 ",/ZCN4,6/21/24,460,PUT,323997363,USD
2024-05-23T11:04:21-0500,Trade,Buy to Open,BUY_TO_OPEN,./LEQ4 LEN4  240705P178,Future Option,Bought 1 /LEQ4 LEN4 07/05/24 Put 178.00 @ 1.725,-690.00,1,-690.00,-2.50,-2.42,1,"./LEQ4 LEN4  ",/LEQ4,7/05/24,178,PUT,323995625,USD
2024-05-23T11:04:21-0500,Trade,Sell to Open,SELL_TO_OPEN,./LEQ4 LEN4  240705P179,Future Option,Sold 1 /LEQ4 LEN4 07/05/24 Put 179.00 @ 2.0,800.00,1,800.00,-2.50,-2.42,1,"./LEQ4 LEN4  ",/LEQ4,7/05/24,179,PUT,323995625,USD
2024-05-23T08:30:01-0500,Trade,Buy to Close,BUY_TO_CLOSE,SMH   240531P00222500,Equity Option,Bought 1 SMH 05/31/24 Put 222.50 @ 0.44,-44.00,1,-44.00,0.00,-0.13,100,SMH,SMH,5/31/24,222.5,PUT,322135599,USD
2024-05-23T08:30:01-0500,Trade,Sell to Close,SELL_TO_CLOSE,SMH   240531P00220000,Equity Option,Sold 1 SMH 05/31/24 Put 220.00 @ 0.35,35.00,1,35.00,0.00,-0.14,100,SMH,SMH,5/31/24,220,PUT,322135599,USD
2024-05-22T14:21:11-0500,Trade,Sell to Open,SELL_TO_OPEN,XBI   240621P00092000,Equity Option,Sold 1 XBI 06/21/24 Put 92.00 @ 2.38,238.00,1,238.00,-1.00,-0.14,100,XBI,XBI,6/21/24,92,PUT,323818912,USD
2024-05-22T14:21:11-0500,Trade,Buy to Open,BUY_TO_OPEN,XBI   240621P00090000,Equity Option,Bought 1 XBI 06/21/24 Put 90.00 @ 1.58,-158.00,1,-158.00,-1.00,-0.13,100,XBI,XBI,6/21/24,90,PUT,323818912,USD
2024-05-22T14:13:32-0500,Trade,Sell to Open,SELL_TO_OPEN,COIN  240621P00230000,Equity Option,Sold 1 COIN 06/21/24 Put 230.00 @ 19.20,"1,920.00",1,"1,920.00",-1.00,-0.19,100,COIN,COIN,6/21/24,230,PUT,323815624,USD
2024-05-22T14:13:32-0500,Trade,Buy to Open,BUY_TO_OPEN,COIN  240621P00227500,Equity Option,Bought 1 COIN 06/21/24 Put 227.50 @ 17.84,"-1,784.00",1,"-1,784.00",-1.00,-0.13,100,COIN,COIN,6/21/24,227.5,PUT,323815624,USD
2024-05-22T09:59:48-0500,Trade,Sell to Close,SELL_TO_CLOSE,XME   240621P00053000,Equity Option,Sold 1 XME 06/21/24 Put 53.00 @ 0.07,7.00,1,7.00,0.00,-0.14,100,XME,XME,6/21/24,53,PUT,323718912,USD
2024-05-22T09:59:41-0500,Trade,Buy to Close,BUY_TO_CLOSE,XME   240621P00058000,Equity Option,Bought 1 XME 06/21/24 Put 58.00 @ 0.23,-23.00,1,-23.00,0.00,-0.13,100,XME,XME,6/21/24,58,PUT,323718854,USD
2024-05-22T09:57:02-0500,Trade,Sell to Close,SELL_TO_CLOSE,./ZCN4 OZCM4 240524P455,Future Option,Sold 1 /ZCN4 OZCM4 05/24/24 Put 455.00 @ 1.25,62.50,1,62.50,0.00,-2.42,1,"./ZCN4 OZCM4 ",/ZCN4,5/24/24,455,PUT,323717543,USD
2024-05-22T09:57:02-0500,Trade,Buy to Close,BUY_TO_CLOSE,./ZCN4 OZCM4 240524P460,Future Option,Bought 1 /ZCN4 OZCM4 05/24/24 Put 460.00 @ 3.125,-156.25,1,-156.25,0.00,-2.42,1,"./ZCN4 OZCM4 ",/ZCN4,5/24/24,460,PUT,323717543,USD
2024-05-21T09:04:09-0500,Trade,Sell to Close,SELL_TO_CLOSE,./LEM4 LEM4  240607C184,Future Option,Sold 1 /LEM4 LEM4 06/07/24 Call 184.00 @ 1.075,430.00,1,430.00,0.00,-2.42,1,"./LEM4 LEM4  ",/LEM4,6/07/24,184,CALL,323506101,USD
2024-05-21T09:04:09-0500,Trade,Buy to Close,BUY_TO_CLOSE,./LEM4 LEM4  240607C183,Future Option,Bought 1 /LEM4 LEM4 06/07/24 Call 183.00 @ 1.5,-600.00,1,-600.00,0.00,-2.42,1,"./LEM4 LEM4  ",/LEM4,6/07/24,183,CALL,323506101,USD
2024-05-17T09:17:06-0500,Trade,Sell to Close,SELL_TO_CLOSE,EEM   240621P00037000,Equity Option,Sold 1 EEM 06/21/24 Put 37.00 @ 0.04,4.00,1,4.00,0.00,-0.14,100,EEM,EEM,6/21/24,37,PUT,322904554,USD
2024-05-17T09:17:06-0500,Trade,Buy to Close,BUY_TO_CLOSE,EEM   240621P00041000,Equity Option,Bought 1 EEM 06/21/24 Put 41.00 @ 0.11,-11.00,1,-11.00,0.00,-0.13,100,EEM,EEM,6/21/24,41,PUT,322904554,USD
2024-05-16T13:45:19-0500,Trade,Sell to Close,SELL_TO_CLOSE,XLP   240621P00069000,Equity Option,Sold 1 XLP 06/21/24 Put 69.00 @ 0.03,3.00,1,3.00,0.00,-0.14,100,XLP,XLP,6/21/24,69,PUT,320133033,USD
2024-05-16T13:45:19-0500,Trade,Buy to Close,BUY_TO_CLOSE,XLP   240621P00074000,Equity Option,Bought 1 XLP 06/21/24 Put 74.00 @ 0.09,-9.00,1,-9.00,0.00,-0.13,100,XLP,XLP,6/21/24,74,PUT,320133033,USD
2024-05-16T12:03:21-0500,Trade,Sell to Close,SELL_TO_CLOSE,./MCLN4MCON4 240614C83.75,Future Option,Sold 1 /MCLN4 MCON4 06/14/24 Call 83.75 @ 0.49,49.00,1,49.00,0.00,-1.07,1,"./MCLN4MCON4 ",/MCLN4,6/14/24,83.75,CALL,322941785,USD
2024-05-16T12:03:21-0500,Trade,Buy to Close,BUY_TO_CLOSE,./MCLN4MCON4 240614C81.75,Future Option,Bought 1 /MCLN4 MCON4 06/14/24 Call 81.75 @ 0.92,-92.00,1,-92.00,0.00,-1.07,1,"./MCLN4MCON4 ",/MCLN4,6/14/24,81.75,CALL,322941785,USD
2024-05-16T11:18:14-0500,Trade,Sell to Close,SELL_TO_CLOSE,RSP,Equity,Sold 15 RSP @ 168.30,"2,524.54",15,168.30,0.00,-0.04,,,,,,,322927472,USD
2024-05-15T11:30:21-0500,Trade,Sell to Close,SELL_TO_CLOSE,XLV   240517C00146000,Equity Option,Sold 1 XLV 05/17/24 Call 146.00 @ 0.31,31.00,1,31.00,0.00,-0.14,100,XLV,XLV,5/17/24,146,CALL,322699208,USD
2024-05-15T11:30:21-0500,Trade,Buy to Close,BUY_TO_CLOSE,XLV   240517C00144000,Equity Option,Bought 1 XLV 05/17/24 Call 144.00 @ 1.80,-180.00,1,-180.00,0.00,-0.13,100,XLV,XLV,5/17/24,144,CALL,322699208,USD
2024-05-14T12:00:03-0500,Trade,Buy to Open,BUY_TO_OPEN,./MCLN4MCON4 240614C83.75,Future Option,Bought 1 /MCLN4 MCON4 06/14/24 Call 83.75 @ 0.47,-47.00,1,-47.00,-1.50,-1.07,1,"./MCLN4MCON4 ",/MCLN4,6/14/24,83.75,CALL,322464523,USD
2024-05-14T12:00:03-0500,Trade,Sell to Open,SELL_TO_OPEN,./MCLN4MCON4 240614C81.75,Future Option,Sold 1 /MCLN4 MCON4 06/14/24 Call 81.75 @ 0.81,81.00,1,81.00,-1.50,-1.07,1,"./MCLN4MCON4 ",/MCLN4,6/14/24,81.75,CALL,322464523,USD
2024-05-14T11:39:01-0500,Trade,Buy to Open,BUY_TO_OPEN,./LEM4 LEM4  240607C184,Future Option,Bought 1 /LEM4 LEM4 06/07/24 Call 184.00 @ 0.625,-250.00,1,-250.00,-2.50,-2.42,1,"./LEM4 LEM4  ",/LEM4,6/07/24,184,CALL,322457989,USD
2024-05-14T11:39:01-0500,Trade,Sell to Open,SELL_TO_OPEN,./LEM4 LEM4  240607C183,Future Option,Sold 1 /LEM4 LEM4 06/07/24 Call 183.00 @ 0.8,320.00,1,320.00,-2.50,-2.42,1,"./LEM4 LEM4  ",/LEM4,6/07/24,183,CALL,322457989,USD
2024-05-14T11:35:16-0500,Trade,Buy to Close,BUY_TO_CLOSE,BITO  240517P00027000,Equity Option,Bought 1 BITO 05/17/24 Put 27.00 @ 2.09,-209.00,1,-209.00,0.00,-0.13,100,BITO,BITO,5/17/24,27,PUT,322456919,USD
2024-05-14T11:35:16-0500,Trade,Sell to Close,SELL_TO_CLOSE,BITO  240517P00022000,Equity Option,Sold 1 BITO 05/17/24 Put 22.00 @ 0.03,3.00,1,3.00,0.00,-0.14,100,BITO,BITO,5/17/24,22,PUT,322456919,USD
2024-05-07T12:23:21-0500,Trade,Sell to Close,SELL_TO_CLOSE,IWM   240517C00204000,Equity Option,Sold 1 IWM 05/17/24 Call 204.00 @ 4.07,407.00,1,407.00,0.00,-0.14,100,IWM,IWM,5/17/24,204,CALL,321440661,USD
2024-05-07T12:23:21-0500,Trade,Buy to Close,BUY_TO_CLOSE,IWM   240517C00202000,Equity Option,Bought 1 IWM 05/17/24 Call 202.00 @ 5.44,-544.00,1,-544.00,0.00,-0.13,100,IWM,IWM,5/17/24,202,CALL,321440661,USD
2024-05-07T12:21:56-0500,Trade,Buy to Open,BUY_TO_OPEN,XLY   240621P00176000,Equity Option,Bought 1 XLY 06/21/24 Put 176.00 @ 2.50,-250.00,1,-250.00,-1.00,-0.13,100,XLY,XLY,6/21/24,176,PUT,321440241,USD
2024-05-07T12:21:56-0500,Trade,Sell to Open,SELL_TO_OPEN,XLY   240621P00179000,Equity Option,Sold 1 XLY 06/21/24 Put 179.00 @ 3.55,355.00,1,355.00,-1.00,-0.14,100,XLY,XLY,6/21/24,179,PUT,321440241,USD
2024-05-07T12:19:25-0500,Trade,Buy to Open,BUY_TO_OPEN,SMH   240531P00220000,Equity Option,Bought 1 SMH 05/31/24 Put 220.00 @ 5.38,-538.00,1,-538.00,-1.00,-0.13,100,SMH,SMH,5/31/24,220,PUT,321439510,USD
2024-05-07T12:19:25-0500,Trade,Sell to Open,SELL_TO_OPEN,SMH   240531P00222500,Equity Option,Sold 1 SMH 05/31/24 Put 222.50 @ 6.50,650.00,1,650.00,-1.00,-0.14,100,SMH,SMH,5/31/24,222.5,PUT,321439510,USD
2024-05-07T12:09:13-0500,Trade,Sell to Close,SELL_TO_CLOSE,KRE   240517C00052000,Equity Option,Sold 1 KRE 05/17/24 Call 52.00 @ 0.26,26.00,1,26.00,0.00,-0.14,100,KRE,KRE,5/17/24,52,CALL,321436605,USD
2024-05-07T12:09:13-0500,Trade,Buy to Close,BUY_TO_CLOSE,KRE   240517C00050000,Equity Option,Bought 1 KRE 05/17/24 Call 50.00 @ 1.06,-106.00,1,-106.00,0.00,-0.13,100,KRE,KRE,5/17/24,50,CALL,321436605,USD
2024-05-07T12:08:35-0500,Trade,Sell to Open,SELL_TO_OPEN,KRE   240621P00048000,Equity Option,Sold 1 KRE 06/21/24 Put 48.00 @ 0.79,79.00,1,79.00,-1.00,-0.14,100,KRE,KRE,6/21/24,48,PUT,321436413,USD
2024-05-07T12:08:35-0500,Trade,Buy to Open,BUY_TO_OPEN,KRE   240621P00043000,Equity Option,Bought 1 KRE 06/21/24 Put 43.00 @ 0.16,-16.00,1,-16.00,-1.00,-0.13,100,KRE,KRE,6/21/24,43,PUT,321436413,USD
2024-05-03T13:06:04-0500,Trade,Buy to Open,BUY_TO_OPEN,./ZCN4 OZCM4 240524P455,Future Option,Bought 1 /ZCN4 OZCM4 05/24/24 Put 455.00 @ 6.25,-312.50,1,-312.50,-2.50,-2.42,1,"./ZCN4 OZCM4 ",/ZCN4,5/24/24,455,PUT,321008488,USD
2024-05-03T13:06:04-0500,Trade,Sell to Open,SELL_TO_OPEN,./ZCN4 OZCM4 240524P460,Future Option,Sold 1 /ZCN4 OZCM4 05/24/24 Put 460.00 @ 8.5,425.00,1,425.00,-2.50,-2.42,1,"./ZCN4 OZCM4 ",/ZCN4,5/24/24,460,PUT,321008488,USD
2024-05-03T08:38:29-0500,Trade,Sell to Close,SELL_TO_CLOSE,GLD   240510P00215000,Equity Option,Sold 1 GLD 05/10/24 Put 215.00 @ 4.37,437.00,1,437.00,0.00,-0.14,100,GLD,GLD,5/10/24,215,PUT,320855278,USD
2024-05-03T08:38:29-0500,Trade,Buy to Close,BUY_TO_CLOSE,GLD   240510P00217500,Equity Option,Bought 1 GLD 05/10/24 Put 217.50 @ 6.57,-657.00,1,-657.00,0.00,-0.13,100,GLD,GLD,5/10/24,217.5,PUT,320855278,USD
2024-05-03T08:30:24-0500,Trade,Buy to Close,BUY_TO_CLOSE,XLU   240517P00064000,Equity Option,Bought 1 XLU 05/17/24 Put 64.00 @ 0.41,-41.00,1,-41.00,0.00,-0.13,100,XLU,XLU,5/17/24,64,PUT,315568440,USD
2024-05-03T08:30:24-0500,Trade,Sell to Close,SELL_TO_CLOSE,XLU   240517P00059000,Equity Option,Sold 1 XLU 05/17/24 Put 59.00 @ 0.35,35.00,1,35.00,0.00,-0.14,100,XLU,XLU,5/17/24,59,PUT,315568440,USD
2024-05-02T10:14:07-0500,Trade,Sell to Close,SELL_TO_CLOSE,./MCLM4MCOM4 240516P80.75,Future Option,Sold 1 /MCLM4 MCOM4 05/16/24 Put 80.75 @ 2.9,290.00,1,290.00,0.00,-1.07,1,"./MCLM4MCOM4 ",/MCLM4,5/16/24,80.75,PUT,320688329,USD
2024-05-02T10:14:07-0500,Trade,Buy to Close,BUY_TO_CLOSE,./MCLM4MCOM4 240516P83.75,Future Option,Bought 1 /MCLM4 MCOM4 05/16/24 Put 83.75 @ 5.4,-540.00,1,-540.00,0.00,-1.07,1,"./MCLM4MCOM4 ",/MCLM4,5/16/24,83.75,PUT,320688329,USD
2024-04-30T09:44:06-0500,Trade,Sell to Close,SELL_TO_CLOSE,./LEM4 LEK4  240503C183,Future Option,Sold 1 /LEM4 LEK4 05/03/24 Call 183.00 @ 0.05,20.00,1,20.00,0.00,-2.42,1,"./LEM4 LEK4  ",/LEM4,5/03/24,183,CALL,315566398,USD
2024-04-30T09:44:06-0500,Trade,Buy to Close,BUY_TO_CLOSE,./LEM4 LEK4  240503C182,Future Option,Bought 1 /LEM4 LEK4 05/03/24 Call 182.00 @ 0.075,-30.00,1,-30.00,0.00,-2.42,1,"./LEM4 LEK4  ",/LEM4,5/03/24,182,CALL,315566398,USD
2024-04-26T12:46:34-0500,Trade,Sell to Open,SELL_TO_OPEN,XME   240621P00058000,Equity Option,Sold 1 XME 06/21/24 Put 58.00 @ 1.04,104.00,1,104.00,-1.00,-0.14,100,XME,XME,6/21/24,58,PUT,319840875,USD
2024-04-26T12:46:34-0500,Trade,Buy to Open,BUY_TO_OPEN,XME   240621P00053000,Equity Option,Bought 1 XME 06/21/24 Put 53.00 @ 0.27,-27.00,1,-27.00,-1.00,-0.13,100,XME,XME,6/21/24,53,PUT,319840875,USD
2024-04-26T12:44:36-0500,Trade,Buy to Open,BUY_TO_OPEN,EEM   240621P00037000,Equity Option,Bought 1 EEM 06/21/24 Put 37.00 @ 0.13,-13.00,1,-13.00,-1.00,-0.13,100,EEM,EEM,6/21/24,37,PUT,319840109,USD
2024-04-26T12:44:36-0500,Trade,Sell to Open,SELL_TO_OPEN,EEM   240621P00041000,Equity Option,Sold 1 EEM 06/21/24 Put 41.00 @ 0.88,88.00,1,88.00,-1.00,-0.14,100,EEM,EEM,6/21/24,41,PUT,319840109,USD
2024-04-26T12:34:41-0500,Trade,Buy to Open,BUY_TO_OPEN,./MCLM4MCOM4 240516P80.75,Future Option,Bought 1 /MCLM4 MCOM4 05/16/24 Put 80.75 @ 0.73,-73.00,1,-73.00,-1.50,-1.07,1,"./MCLM4MCOM4 ",/MCLM4,5/16/24,80.75,PUT,319835607,USD
2024-04-26T12:34:41-0500,Trade,Sell to Open,SELL_TO_OPEN,./MCLM4MCOM4 240516P83.75,Future Option,Sold 1 /MCLM4 MCOM4 05/16/24 Put 83.75 @ 1.8,180.00,1,180.00,-1.50,-1.07,1,"./MCLM4MCOM4 ",/MCLM4,5/16/24,83.75,PUT,319835607,USD
2024-04-23T10:43:14-0500,Trade,Sell to Open,SELL_TO_OPEN,XLP   240621P00074000,Equity Option,Sold 1 XLP 06/21/24 Put 74.00 @ 0.74,74.00,1,74.00,-1.00,-0.14,100,XLP,XLP,6/21/24,74,PUT,319071130,USD
2024-04-23T10:43:14-0500,Trade,Buy to Open,BUY_TO_OPEN,XLP   240621P00069000,Equity Option,Bought 1 XLP 06/21/24 Put 69.00 @ 0.15,-15.00,1,-15.00,-1.00,-0.13,100,XLP,XLP,6/21/24,69,PUT,319071130,USD
2024-04-18T14:53:19-0500,Trade,Sell to Open,SELL_TO_OPEN,IWM   240517C00202000,Equity Option,Sold 1 IWM 05/17/24 Call 202.00 @ 1.67,167.00,1,167.00,-1.00,-0.14,100,IWM,IWM,5/17/24,202,CALL,318399879,USD
2024-04-18T14:53:19-0500,Trade,Buy to Open,BUY_TO_OPEN,IWM   240517C00204000,Equity Option,Bought 1 IWM 05/17/24 Call 204.00 @ 1.22,-122.00,1,-122.00,-1.00,-0.13,100,IWM,IWM,5/17/24,204,CALL,318399879,USD
2024-04-18T10:53:12-0500,Trade,Sell to Close,SELL_TO_CLOSE,./ZWK4 OZWK4 240426C595,Future Option,Sold 1 /ZWK4 OZWK4 04/26/24 Call 595.00 @ 0.375,18.75,1,18.75,0.00,-2.42,1,"./ZWK4 OZWK4 ",/ZWK4,4/26/24,595,CALL,312070859,USD
2024-04-18T10:53:12-0500,Trade,Buy to Close,BUY_TO_CLOSE,./ZWK4 OZWK4 240426C590,Future Option,Bought 1 /ZWK4 OZWK4 04/26/24 Call 590.00 @ 0.5,-25.00,1,-25.00,0.00,-2.42,1,"./ZWK4 OZWK4 ",/ZWK4,4/26/24,590,CALL,312070859,USD
2024-04-16T09:48:36-0500,Trade,Buy to Close,BUY_TO_CLOSE,EWZ   240426P00031500,Equity Option,Bought 1 EWZ 04/26/24 Put 31.50 @ 1.50,-150.00,1,-150.00,0.00,-0.13,100,EWZ,EWZ,4/26/24,31.5,PUT,317828431,USD
2024-04-16T09:47:51-0500,Trade,Sell to Close,SELL_TO_CLOSE,SPY   240419P00509000,Equity Option,Sold 1 SPY 04/19/24 Put 509.00 @ 6.99,699.00,1,699.00,0.00,-0.14,100,SPY,SPY,4/19/24,509,PUT,317827862,USD
2024-04-16T09:47:51-0500,Trade,Buy to Close,BUY_TO_CLOSE,SPY   240419P00512000,Equity Option,Bought 1 SPY 04/19/24 Put 512.00 @ 9.25,-925.00,1,-925.00,0.00,-0.13,100,SPY,SPY,4/19/24,512,PUT,317827862,USD
2024-04-15T12:20:15-0500,Trade,Buy to Open,BUY_TO_OPEN,GLD   240510P00215000,Equity Option,Bought 1 GLD 05/10/24 Put 215.00 @ 2.51,-251.00,1,-251.00,-1.00,-0.13,100,GLD,GLD,5/10/24,215,PUT,317638894,USD
2024-04-15T12:20:15-0500,Trade,Sell to Open,SELL_TO_OPEN,GLD   240510P00217500,Equity Option,Sold 1 GLD 05/10/24 Put 217.50 @ 3.57,357.00,1,357.00,-1.00,-0.14,100,GLD,GLD,5/10/24,217.5,PUT,317638894,USD
2024-04-15T12:12:12-0500,Trade,Buy to Open,BUY_TO_OPEN,XLV   240517C00146000,Equity Option,Bought 1 XLV 05/17/24 Call 146.00 @ 0.45,-45.00,1,-45.00,-1.00,-0.13,100,XLV,XLV,5/17/24,146,CALL,317635431,USD
2024-04-15T12:12:12-0500,Trade,Sell to Open,SELL_TO_OPEN,XLV   240517C00144000,Equity Option,Sold 1 XLV 05/17/24 Call 144.00 @ 0.85,85.00,1,85.00,-1.00,-0.14,100,XLV,XLV,5/17/24,144,CALL,317635431,USD
2024-04-15T12:04:57-0500,Trade,Buy to Open,BUY_TO_OPEN,KRE   240517C00052000,Equity Option,Bought 1 KRE 05/17/24 Call 52.00 @ 0.28,-28.00,1,-28.00,-1.00,-0.13,100,KRE,KRE,5/17/24,52,CALL,317632736,USD
2024-04-15T12:04:57-0500,Trade,Sell to Open,SELL_TO_OPEN,KRE   240517C00050000,Equity Option,Sold 1 KRE 05/17/24 Call 50.00 @ 0.62,62.00,1,62.00,-1.00,-0.14,100,KRE,KRE,5/17/24,50,CALL,317632736,USD
2024-04-15T09:11:39-0500,Trade,Sell to Close,SELL_TO_CLOSE,XLP   240426P00070000,Equity Option,Sold 1 XLP 04/26/24 Put 70.00 @ 0.05,5.00,1,5.00,0.00,-0.14,100,XLP,XLP,4/26/24,70,PUT,317547638,USD
2024-04-15T09:11:39-0500,Trade,Buy to Close,BUY_TO_CLOSE,XLP   240426P00075000,Equity Option,Bought 1 XLP 04/26/24 Put 75.00 @ 1.56,-156.00,1,-156.00,0.00,-0.13,100,XLP,XLP,4/26/24,75,PUT,317547638,USD
2024-04-15T09:11:14-0500,Trade,Sell to Close,SELL_TO_CLOSE,SMH   240419P00222500,Equity Option,Sold 1 SMH 04/19/24 Put 222.50 @ 3.25,325.00,1,325.00,0.00,-0.14,100,SMH,SMH,4/19/24,222.5,PUT,317547132,USD
2024-04-15T09:11:14-0500,Trade,Buy to Close,BUY_TO_CLOSE,SMH   240419P00225000,Equity Option,Bought 1 SMH 04/19/24 Put 225.00 @ 4.60,-460.00,1,-460.00,0.00,-0.13,100,SMH,SMH,4/19/24,225,PUT,317547132,USD
2024-04-15T09:10:35-0500,Trade,Sell to Close,SELL_TO_CLOSE,COIN  240419P00255000,Equity Option,Sold 1 COIN 04/19/24 Put 255.00 @ 15.02,"1,502.00",1,"1,502.00",0.00,-0.15,100,COIN,COIN,4/19/24,255,PUT,317546335,USD
2024-04-15T09:10:35-0500,Trade,Buy to Close,BUY_TO_CLOSE,COIN  240419P00257500,Equity Option,Bought 1 COIN 04/19/24 Put 257.50 @ 16.89,"-1,689.00",1,"-1,689.00",0.00,-0.13,100,COIN,COIN,4/19/24,257.5,PUT,317546335,USD
2024-04-15T09:09:36-0500,Trade,Buy to Close,BUY_TO_CLOSE,IWM   240419P00205000,Equity Option,Bought 1 IWM 04/19/24 Put 205.00 @ 6.59,-659.00,1,-659.00,0.00,-0.13,100,IWM,IWM,4/19/24,205,PUT,317545230,USD
2024-04-15T09:09:36-0500,Trade,Sell to Close,SELL_TO_CLOSE,IWM   240419P00202000,Equity Option,Sold 1 IWM 04/19/24 Put 202.00 @ 4.07,407.00,1,407.00,0.00,-0.14,100,IWM,IWM,4/19/24,202,PUT,317545230,USD
2024-04-11T11:36:00-0500,Trade,Sell to Close,SELL_TO_CLOSE,EA    240419C00139000,Equity Option,Sold 1 EA 04/19/24 Call 139.00 @ 0.05,5.00,1,5.00,0.00,-0.14,100,EA,EA,4/19/24,139,CALL,317096631,USD
2024-04-11T11:36:00-0500,Trade,Buy to Close,BUY_TO_CLOSE,EA    240419C00136000,Equity Option,Bought 1 EA 04/19/24 Call 136.00 @ 0.12,-12.00,1,-12.00,0.00,-0.13,100,EA,EA,4/19/24,136,CALL,317096631,USD
2024-04-11T11:33:54-0500,Trade,Sell to Close,SELL_TO_CLOSE,XLY   240412P00179000,Equity Option,Sold 1 XLY 04/12/24 Put 179.00 @ 0.75,75.00,1,75.00,0.00,-0.14,100,XLY,XLY,4/12/24,179,PUT,317095955,USD
2024-04-11T11:33:54-0500,Trade,Buy to Close,BUY_TO_CLOSE,XLY   240412P00182500,Equity Option,Bought 1 XLY 04/12/24 Put 182.50 @ 3.29,-329.00,1,-329.00,0.00,-0.13,100,XLY,XLY,4/12/24,182.5,PUT,317095955,USD
2024-04-11T11:00:05-0500,Trade,Sell to Close,SELL_TO_CLOSE,./ZCK4 OZCK4 240426C470,Future Option,Sold 1 /ZCK4 OZCK4 04/26/24 Call 470.00 @ 0.5,25.00,1,25.00,0.00,-2.42,1,"./ZCK4 OZCK4 ",/ZCK4,4/26/24,470,CALL,316739820,USD
2024-04-11T11:00:05-0500,Trade,Buy to Close,BUY_TO_CLOSE,./ZCK4 OZCK4 240426C465,Future Option,Bought 1 /ZCK4 OZCK4 04/26/24 Call 465.00 @ 0.625,-31.25,1,-31.25,0.00,-2.42,1,"./ZCK4 OZCK4 ",/ZCK4,4/26/24,465,CALL,316739820,USD
2024-04-08T08:50:53-0500,Trade,Sell to Close,SELL_TO_CLOSE,ETSY  240412C00075000,Equity Option,Sold 1 ETSY 04/12/24 Call 75.00 @ 0.03,3.00,1,3.00,0.00,-0.14,100,ETSY,ETSY,4/12/24,75,CALL,316385275,USD
2024-04-08T08:50:53-0500,Trade,Buy to Close,BUY_TO_CLOSE,ETSY  240412C00073000,Equity Option,Bought 1 ETSY 04/12/24 Call 73.00 @ 0.10,-10.00,1,-10.00,0.00,-0.13,100,ETSY,ETSY,4/12/24,73,CALL,316385275,USD
2024-04-08T08:50:23-0500,Trade,Sell to Close,SELL_TO_CLOSE,EWW   240419P00064000,Equity Option,Sold 1 EWW 04/19/24 Put 64.00 @ 0.05,5.00,1,5.00,0.00,-0.14,100,EWW,EWW,4/19/24,64,PUT,316384893,USD
2024-04-08T08:50:23-0500,Trade,Buy to Close,BUY_TO_CLOSE,EWW   240419P00067000,Equity Option,Bought 1 EWW 04/19/24 Put 67.00 @ 0.15,-15.00,1,-15.00,0.00,-0.13,100,EWW,EWW,4/19/24,67,PUT,316384893,USD
2024-04-05T11:00:46-0500,Trade,Buy to Close,BUY_TO_CLOSE,GLD   240419P00205000,Equity Option,Bought 1 GLD 04/19/24 Put 205.00 @ 0.18,-18.00,1,-18.00,0.00,-0.13,100,GLD,GLD,4/19/24,205,PUT,316227149,USD
2024-04-05T11:00:46-0500,Trade,Sell to Close,SELL_TO_CLOSE,GLD   240419P00202500,Equity Option,Sold 1 GLD 04/19/24 Put 202.50 @ 0.08,8.00,1,8.00,0.00,-0.14,100,GLD,GLD,4/19/24,202.5,PUT,316227149,USD
2024-04-05T10:57:33-0500,Trade,Sell to Close,SELL_TO_CLOSE,./MCLK4MCOK4 240417P77.5,Future Option,Sold 1 /MCLK4 MCOK4 04/17/24 Put 77.50 @ 0.07,7.00,1,7.00,0.00,-1.07,1,"./MCLK4MCOK4 ",/MCLK4,4/17/24,77.5,PUT,316225288,USD
2024-04-05T10:57:33-0500,Trade,Buy to Close,BUY_TO_CLOSE,./MCLK4MCOK4 240417P80.5,Future Option,Bought 1 /MCLK4 MCOK4 04/17/24 Put 80.50 @ 0.18,-18.00,1,-18.00,0.00,-1.07,1,"./MCLK4MCOK4 ",/MCLK4,4/17/24,80.5,PUT,316225288,USD
2024-04-05T09:13:18-0500,Trade,Sell to Close,SELL_TO_CLOSE,TLT   240412C00097000,Equity Option,Sold 1 TLT 04/12/24 Call 97.00 @ 0.03,3.00,1,3.00,0.00,-0.14,100,TLT,TLT,4/12/24,97,CALL,316164304,USD
2024-04-05T09:13:18-0500,Trade,Buy to Close,BUY_TO_CLOSE,TLT   240412C00095000,Equity Option,Bought 1 TLT 04/12/24 Call 95.00 @ 0.10,-10.00,1,-10.00,0.00,-0.13,100,TLT,TLT,4/12/24,95,CALL,316164304,USD
2024-04-05T09:08:43-0500,Trade,Buy to Close,BUY_TO_CLOSE,TLT   240419P00093000,Equity Option,Bought 1 TLT 04/19/24 Put 93.00 @ 1.55,-155.00,1,-155.00,0.00,-0.13,100,TLT,TLT,4/19/24,93,PUT,316160914,USD
2024-04-05T09:08:43-0500,Trade,Sell to Close,SELL_TO_CLOSE,TLT   240419P00090000,Equity Option,Sold 1 TLT 04/19/24 Put 90.00 @ 0.29,29.00,1,29.00,0.00,-0.14,100,TLT,TLT,4/19/24,90,PUT,316160914,USD
2024-04-05T09:05:39-0500,Trade,Sell to Close,SELL_TO_CLOSE,MCD   240419C00290000,Equity Option,Sold 1 MCD 04/19/24 Call 290.00 @ 0.07,7.00,1,7.00,0.00,-0.14,100,MCD,MCD,4/19/24,290,CALL,314604107,USD
2024-04-05T09:05:39-0500,Trade,Buy to Close,BUY_TO_CLOSE,MCD   240419C00287500,Equity Option,Bought 1 MCD 04/19/24 Call 287.50 @ 0.11,-11.00,1,-11.00,0.00,-0.13,100,MCD,MCD,4/19/24,287.5,CALL,314604107,USD
2024-04-02T12:30:43-0500,Trade,Sell to Open,SELL_TO_OPEN,XLU   240517P00064000,Equity Option,Sold 1 XLU 05/17/24 Put 64.00 @ 0.76,76.00,1,76.00,-1.00,-0.14,100,XLU,XLU,5/17/24,64,PUT,315567871,USD
2024-04-02T12:30:43-0500,Trade,Buy to Open,BUY_TO_OPEN,XLU   240517P00059000,Equity Option,Bought 1 XLU 05/17/24 Put 59.00 @ 0.12,-12.00,1,-12.00,-1.00,-0.13,100,XLU,XLU,5/17/24,59,PUT,315567871,USD
2024-04-02T12:23:39-0500,Trade,Buy to Open,BUY_TO_OPEN,./LEM4 LEK4  240503C183,Future Option,Bought 1 /LEM4 LEK4 05/03/24 Call 183.00 @ 1.025,-410.00,1,-410.00,-2.50,-2.42,1,"./LEM4 LEK4  ",/LEM4,5/03/24,183,CALL,315565773,USD
2024-04-02T12:23:39-0500,Trade,Sell to Open,SELL_TO_OPEN,./LEM4 LEK4  240503C182,Future Option,Sold 1 /LEM4 LEK4 05/03/24 Call 182.00 @ 1.225,490.00,1,490.00,-2.50,-2.42,1,"./LEM4 LEK4  ",/LEM4,5/03/24,182,CALL,315565773,USD
2024-04-02T08:30:05-0500,Trade,Sell to Close,SELL_TO_CLOSE,RIOT  240405C00016500,Equity Option,Sold 1 RIOT 04/05/24 Call 16.50 @ 0.01,1.00,1,1.00,0.00,-0.14,100,RIOT,RIOT,4/05/24,16.5,CALL,312752879,USD
2024-04-02T08:30:05-0500,Trade,Buy to Close,BUY_TO_CLOSE,RIOT  240405C00014000,Equity Option,Bought 1 RIOT 04/05/24 Call 14.00 @ 0.04,-4.00,1,-4.00,0.00,-0.13,100,RIOT,RIOT,4/05/24,14,CALL,312752879,USD
2024-03-28T11:40:49-0500,Trade,Sell to Open,SELL_TO_OPEN,BITO  240517P00027000,Equity Option,Sold 1 BITO 05/17/24 Put 27.00 @ 2.04,204.00,1,204.00,-1.00,-0.14,100,BITO,BITO,5/17/24,27,PUT,315079172,USD
2024-03-28T11:40:49-0500,Trade,Buy to Open,BUY_TO_OPEN,BITO  240517P00022000,Equity Option,Bought 1 BITO 05/17/24 Put 22.00 @ 0.60,-60.00,1,-60.00,-1.00,-0.13,100,BITO,BITO,5/17/24,22,PUT,315079172,USD
2024-03-28T11:37:01-0500,Trade,Sell to Open,SELL_TO_OPEN,SMH   240419P00225000,Equity Option,Sold 1 SMH 04/19/24 Put 225.00 @ 5.72,572.00,1,572.00,-1.00,-0.14,100,SMH,SMH,4/19/24,225,PUT,315077607,USD
2024-03-28T11:37:01-0500,Trade,Buy to Open,BUY_TO_OPEN,SMH   240419P00222500,Equity Option,Bought 1 SMH 04/19/24 Put 222.50 @ 4.60,-460.00,1,-460.00,-1.00,-0.13,100,SMH,SMH,4/19/24,222.5,PUT,315077607,USD
2024-03-28T11:29:55-0500,Trade,Buy to Open,BUY_TO_OPEN,GLD   240419P00202500,Equity Option,Bought 1 GLD 04/19/24 Put 202.50 @ 1.21,-121.00,1,-121.00,-1.00,-0.13,100,GLD,GLD,4/19/24,202.5,PUT,315074536,USD
2024-03-28T11:29:55-0500,Trade,Sell to Open,SELL_TO_OPEN,GLD   240419P00205000,Equity Option,Sold 1 GLD 04/19/24 Put 205.00 @ 2.24,224.00,1,224.00,-1.00,-0.14,100,GLD,GLD,4/19/24,205,PUT,315074536,USD
2024-03-28T11:23:51-0500,Trade,Buy to Open,BUY_TO_OPEN,./ZCK4 OZCK4 240426C470,Future Option,Bought 1 /ZCK4 OZCK4 04/26/24 Call 470.00 @ 2.875,-143.75,1,-143.75,-2.50,-2.42,1,"./ZCK4 OZCK4 ",/ZCK4,4/26/24,470,CALL,315072074,USD
2024-03-28T11:23:51-0500,Trade,Sell to Open,SELL_TO_OPEN,./ZCK4 OZCK4 240426C465,Future Option,Sold 1 /ZCK4 OZCK4 04/26/24 Call 465.00 @ 3.625,181.25,1,181.25,-2.50,-2.42,1,"./ZCK4 OZCK4 ",/ZCK4,4/26/24,465,CALL,315072074,USD
2024-03-28T08:30:09-0500,Trade,Sell to Close,SELL_TO_CLOSE,DIA   240405P00386000,Equity Option,Sold 1 DIA 04/05/24 Put 386.00 @ 0.18,18.00,1,18.00,0.00,-0.14,100,DIA,DIA,4/05/24,386,PUT,313020751,USD
2024-03-28T08:30:09-0500,Trade,Buy to Close,BUY_TO_CLOSE,DIA   240405P00389000,Equity Option,Bought 1 DIA 04/05/24 Put 389.00 @ 0.28,-28.00,1,-28.00,0.00,-0.13,100,DIA,DIA,4/05/24,389,PUT,313020751,USD
2024-03-28T08:30:03-0500,Trade,Sell to Close,SELL_TO_CLOSE,XME   240419P00050000,Equity Option,Sold 1 XME 04/19/24 Put 50.00 @ 0.08,8.00,1,8.00,0.00,-0.14,100,XME,XME,4/19/24,50,PUT,313020480,USD
2024-03-28T08:30:03-0500,Trade,Buy to Close,BUY_TO_CLOSE,XME   240419P00055000,Equity Option,Bought 1 XME 04/19/24 Put 55.00 @ 0.23,-23.00,1,-23.00,0.00,-0.13,100,XME,XME,4/19/24,55,PUT,313020480,USD
2024-03-27T14:58:35-0500,Trade,Sell to Close,SELL_TO_CLOSE,RSP   240419P00157000,Equity Option,Sold 1 RSP 04/19/24 Put 157.00 @ 0.15,15.00,1,15.00,0.00,-0.14,100,RSP,RSP,4/19/24,157,PUT,312586747,USD
2024-03-27T14:58:35-0500,Trade,Buy to Close,BUY_TO_CLOSE,RSP   240419P00162000,Equity Option,Bought 1 RSP 04/19/24 Put 162.00 @ 0.30,-30.00,1,-30.00,0.00,-0.13,100,RSP,RSP,4/19/24,162,PUT,312586747,USD
2024-03-27T14:54:04-0500,Trade,Sell to Close,SELL_TO_CLOSE,IYR   240419P00080000,Equity Option,Sold 1 IYR 04/19/24 Put 80.00 @ 0.05,5.00,1,5.00,0.00,-0.14,100,IYR,IYR,4/19/24,80,PUT,309662608,USD
2024-03-27T14:54:04-0500,Trade,Buy to Close,BUY_TO_CLOSE,IYR   240419P00085000,Equity Option,Bought 1 IYR 04/19/24 Put 85.00 @ 0.25,-25.00,1,-25.00,0.00,-0.13,100,IYR,IYR,4/19/24,85,PUT,309662608,USD
2024-03-27T14:41:10-0500,Trade,Sell to Close,SELL_TO_CLOSE,KRE   240419P00041000,Equity Option,Sold 1 KRE 04/19/24 Put 41.00 @ 0.03,3.00,1,3.00,0.00,-0.14,100,KRE,KRE,4/19/24,41,PUT,311853410,USD
2024-03-27T14:41:10-0500,Trade,Buy to Close,BUY_TO_CLOSE,KRE   240419P00046000,Equity Option,Bought 1 KRE 04/19/24 Put 46.00 @ 0.23,-23.00,1,-23.00,0.00,-0.13,100,KRE,KRE,4/19/24,46,PUT,311853410,USD
2024-03-26T09:32:19-0500,Trade,Buy to Open,BUY_TO_OPEN,EA    240419C00139000,Equity Option,Bought 1 EA 04/19/24 Call 139.00 @ 0.40,-40.00,1,-40.00,-1.00,-0.13,100,EA,EA,4/19/24,139,CALL,314607112,USD
2024-03-26T09:32:19-0500,Trade,Sell to Open,SELL_TO_OPEN,EA    240419C00136000,Equity Option,Sold 1 EA 04/19/24 Call 136.00 @ 0.92,92.00,1,92.00,-1.00,-0.14,100,EA,EA,4/19/24,136,CALL,314607112,USD
2024-03-26T09:27:49-0500,Trade,Sell to Open,SELL_TO_OPEN,MCD   240419C00287500,Equity Option,Sold 1 MCD 04/19/24 Call 287.50 @ 1.24,124.00,1,124.00,-1.00,-0.14,100,MCD,MCD,4/19/24,287.5,CALL,314603923,USD
2024-03-26T09:27:49-0500,Trade,Buy to Open,BUY_TO_OPEN,MCD   240419C00290000,Equity Option,Bought 1 MCD 04/19/24 Call 290.00 @ 0.79,-79.00,1,-79.00,-1.00,-0.13,100,MCD,MCD,4/19/24,290,CALL,314603923,USD
2024-03-26T09:22:00-0500,Trade,Sell to Close,SELL_TO_CLOSE,./LEJ4 LEJ4  240405P186,Future Option,Sold 1 /LEJ4 LEJ4 04/05/24 Put 186.00 @ 3.4,"1,360.00",1,"1,360.00",0.00,-2.42,1,"./LEJ4 LEJ4  ",/LEJ4,4/05/24,186,PUT,314600697,USD
2024-03-26T09:22:00-0500,Trade,Buy to Close,BUY_TO_CLOSE,./LEJ4 LEJ4  240405P187,Future Option,Bought 1 /LEJ4 LEJ4 04/05/24 Put 187.00 @ 4.2,"-1,680.00",1,"-1,680.00",0.00,-2.42,1,"./LEJ4 LEJ4  ",/LEJ4,4/05/24,187,PUT,314600697,USD
2024-03-22T12:43:32-0500,Trade,Sell to Open,SELL_TO_OPEN,XLY   240412P00182500,Equity Option,Sold 1 XLY 04/12/24 Put 182.50 @ 2.25,225.00,1,225.00,-1.00,-0.14,100,XLY,XLY,4/12/24,182.5,PUT,314275379,USD
2024-03-22T12:43:32-0500,Trade,Buy to Open,BUY_TO_OPEN,XLY   240412P00179000,Equity Option,Bought 1 XLY 04/12/24 Put 179.00 @ 1.15,-115.00,1,-115.00,-1.00,-0.13,100,XLY,XLY,4/12/24,179,PUT,314275379,USD
2024-03-22T12:41:00-0500,Trade,Buy to Open,BUY_TO_OPEN,COIN  240419P00255000,Equity Option,Bought 1 COIN 04/19/24 Put 255.00 @ 22.05,"-2,205.00",1,"-2,205.00",-1.00,-0.13,100,COIN,COIN,4/19/24,255,PUT,314274557,USD
2024-03-22T12:41:00-0500,Trade,Sell to Open,SELL_TO_OPEN,COIN  240419P00257500,Equity Option,Sold 1 COIN 04/19/24 Put 257.50 @ 23.41,"2,341.00",1,"2,341.00",-1.00,-0.15,100,COIN,COIN,4/19/24,257.5,PUT,314274557,USD
2024-03-22T12:33:39-0500,Trade,Buy to Open,BUY_TO_OPEN,IWM   240419P00202000,Equity Option,Bought 1 IWM 04/19/24 Put 202.00 @ 2.27,-227.00,1,-227.00,-1.00,-0.13,100,IWM,IWM,4/19/24,202,PUT,314272030,USD
2024-03-22T12:33:39-0500,Trade,Sell to Open,SELL_TO_OPEN,IWM   240419P00205000,Equity Option,Sold 1 IWM 04/19/24 Put 205.00 @ 3.35,335.00,1,335.00,-1.00,-0.14,100,IWM,IWM,4/19/24,205,PUT,314272030,USD
2024-03-22T09:31:53-0500,Trade,Sell to Close,SELL_TO_CLOSE,./SIK4 SOJ4  240325C25.7,Future Option,Sold 1 /SIK4 SOJ4 03/25/24 Call 25.700 @ 0.009,45.00,1,45.00,0.00,-1.92,1,"./SIK4 SOJ4  ",/SIK4,3/25/24,25.7,CALL,314180190,USD
2024-03-22T09:31:53-0500,Trade,Sell to Close,SELL_TO_CLOSE,./SIK4 SOJ4  240325P21.2,Future Option,Sold 1 /SIK4 SOJ4 03/25/24 Put 21.200 @ 0.001,5.00,1,5.00,0.00,-1.92,1,"./SIK4 SOJ4  ",/SIK4,3/25/24,21.2,PUT,314180190,USD
2024-03-22T09:31:53-0500,Trade,Buy to Close,BUY_TO_CLOSE,./SIK4 SOJ4  240325C25.6,Future Option,Bought 1 /SIK4 SOJ4 03/25/24 Call 25.600 @ 0.013,-65.00,1,-65.00,0.00,-1.92,1,"./SIK4 SOJ4  ",/SIK4,3/25/24,25.6,CALL,314180190,USD
2024-03-22T09:31:53-0500,Trade,Buy to Close,BUY_TO_CLOSE,./SIK4 SOJ4  240325P21.3,Future Option,Bought 1 /SIK4 SOJ4 03/25/24 Put 21.300 @ 0.002,-10.00,1,-10.00,0.00,-1.92,1,"./SIK4 SOJ4  ",/SIK4,3/25/24,21.3,PUT,314180190,USD
2024-03-22T09:06:50-0500,Trade,Sell to Close,SELL_TO_CLOSE,XOP   240405P00140000,Equity Option,Sold 1 XOP 04/05/24 Put 140.00 @ 0.11,11.00,1,11.00,0.00,-0.14,100,XOP,XOP,4/05/24,140,PUT,314176697,USD
2024-03-22T09:06:50-0500,Trade,Buy to Close,BUY_TO_CLOSE,XOP   240405P00143000,Equity Option,Bought 1 XOP 04/05/24 Put 143.00 @ 0.25,-25.00,1,-25.00,0.00,-0.13,100,XOP,XOP,4/05/24,143,PUT,314176697,USD
2024-03-21T08:32:13-0500,Trade,Sell to Close,SELL_TO_CLOSE,QQQ   240628P00332780,Equity Option,Sold 1 QQQ 06/28/24 Put 332.78 @ 0.60,60.00,1,60.00,0.00,-0.14,100,QQQ,QQQ,6/28/24,332.78,PUT,312677283,USD
2024-03-21T08:32:13-0500,Trade,Sell to Close,SELL_TO_CLOSE,QQQ   240628P00341780,Equity Option,Sold 1 QQQ 06/28/24 Put 341.78 @ 0.73,73.00,1,73.00,0.00,-0.14,100,QQQ,QQQ,6/28/24,341.78,PUT,312677283,USD
2024-03-21T08:32:13-0500,Trade,Buy to Close,BUY_TO_CLOSE,QQQ   240628P00338780,Equity Option,Bought 2 QQQ 06/28/24 Put 338.78 @ 0.69,-138.00,2,-69.00,0.00,-0.25,100,QQQ,QQQ,6/28/24,338.78,PUT,312677283,USD
2024-03-20T08:38:58-0500,Trade,Sell to Close,SELL_TO_CLOSE,XLU   240419P00057000,Equity Option,Sold 1 XLU 04/19/24 Put 57.00 @ 0.03,3.00,1,3.00,0.00,-0.14,100,XLU,XLU,4/19/24,57,PUT,311853454,USD
2024-03-20T08:38:58-0500,Trade,Buy to Close,BUY_TO_CLOSE,XLU   240419P00062000,Equity Option,Bought 1 XLU 04/19/24 Put 62.00 @ 0.38,-38.00,1,-38.00,0.00,-0.13,100,XLU,XLU,4/19/24,62,PUT,311853454,USD
2024-03-19T11:41:19-0500,Trade,Buy to Open,BUY_TO_OPEN,TLT   240412C00097000,Equity Option,Bought 1 TLT 04/12/24 Call 97.00 @ 0.18,-18.00,1,-18.00,-1.00,-0.13,100,TLT,TLT,4/12/24,97,CALL,313584341,USD
2024-03-19T11:41:19-0500,Trade,Sell to Open,SELL_TO_OPEN,TLT   240412C00095000,Equity Option,Sold 1 TLT 04/12/24 Call 95.00 @ 0.49,49.00,1,49.00,-1.00,-0.14,100,TLT,TLT,4/12/24,95,CALL,313584341,USD
2024-03-15T11:48:22-0500,Trade,Buy to Open,BUY_TO_OPEN,./MCLK4MCOK4 240417P77.5,Future Option,Bought 1 /MCLK4 MCOK4 04/17/24 Put 77.50 @ 1.37,-137.00,1,-137.00,-1.50,-1.07,1,"./MCLK4MCOK4 ",/MCLK4,4/17/24,77.5,PUT,313161105,USD
2024-03-15T11:48:22-0500,Trade,Sell to Open,SELL_TO_OPEN,./MCLK4MCOK4 240417P80.5,Future Option,Sold 1 /MCLK4 MCOK4 04/17/24 Put 80.50 @ 2.51,251.00,1,251.00,-1.50,-1.07,1,"./MCLK4MCOK4 ",/MCLK4,4/17/24,80.5,PUT,313161105,USD
2024-03-15T11:45:59-0500,Trade,Buy to Open,BUY_TO_OPEN,ETSY  240412C00075000,Equity Option,Bought 1 ETSY 04/12/24 Call 75.00 @ 0.77,-77.00,1,-77.00,-1.00,-0.13,100,ETSY,ETSY,4/12/24,75,CALL,313160313,USD
2024-03-15T11:45:59-0500,Trade,Sell to Open,SELL_TO_OPEN,ETSY  240412C00073000,Equity Option,Sold 1 ETSY 04/12/24 Call 73.00 @ 1.11,111.00,1,111.00,-1.00,-0.14,100,ETSY,ETSY,4/12/24,73,CALL,313160313,USD
2024-03-15T11:39:42-0500,Trade,Sell to Open,SELL_TO_OPEN,EWW   240419P00067000,Equity Option,Sold 1 EWW 04/19/24 Put 67.00 @ 1.38,138.00,1,138.00,-1.00,-0.14,100,EWW,EWW,4/19/24,67,PUT,313158080,USD
2024-03-15T11:39:42-0500,Trade,Buy to Open,BUY_TO_OPEN,EWW   240419P00064000,Equity Option,Bought 1 EWW 04/19/24 Put 64.00 @ 0.57,-57.00,1,-57.00,-1.00,-0.13,100,EWW,EWW,4/19/24,64,PUT,313158080,USD
2024-03-14T12:36:41-0500,Trade,Buy to Open,BUY_TO_OPEN,DIA   240405P00386000,Equity Option,Bought 1 DIA 04/05/24 Put 386.00 @ 2.58,-258.00,1,-258.00,-1.00,-0.13,100,DIA,DIA,4/05/24,386,PUT,312947701,USD
2024-03-14T12:36:41-0500,Trade,Sell to Open,SELL_TO_OPEN,DIA   240405P00389000,Equity Option,Sold 1 DIA 04/05/24 Put 389.00 @ 3.70,370.00,1,370.00,-1.00,-0.14,100,DIA,DIA,4/05/24,389,PUT,312947701,USD
2024-03-14T12:33:37-0500,Trade,Buy to Open,BUY_TO_OPEN,./LEJ4 LEJ4  240405P186,Future Option,Bought 1 /LEJ4 LEJ4 04/05/24 Put 186.00 @ 1.5,-600.00,1,-600.00,-2.50,-2.42,1,"./LEJ4 LEJ4  ",/LEJ4,4/05/24,186,PUT,312946404,USD
2024-03-14T12:33:37-0500,Trade,Sell to Open,SELL_TO_OPEN,./LEJ4 LEJ4  240405P187,Future Option,Sold 1 /LEJ4 LEJ4 04/05/24 Put 187.00 @ 1.875,750.00,1,750.00,-2.50,-2.42,1,"./LEJ4 LEJ4  ",/LEJ4,4/05/24,187,PUT,312946404,USD
2024-03-14T12:32:11-0500,Trade,Buy to Open,BUY_TO_OPEN,SPY   240419P00509000,Equity Option,Bought 1 SPY 04/19/24 Put 509.00 @ 5.98,-598.00,1,-598.00,-1.00,-0.13,100,SPY,SPY,4/19/24,509,PUT,312945738,USD
2024-03-14T12:32:11-0500,Trade,Sell to Open,SELL_TO_OPEN,SPY   240419P00512000,Equity Option,Sold 1 SPY 04/19/24 Put 512.00 @ 7.14,714.00,1,714.00,-1.00,-0.14,100,SPY,SPY,4/19/24,512,PUT,312945738,USD
2024-03-14T10:28:14-0500,Trade,Sell to Close,SELL_TO_CLOSE,MARA  240419P00014000,Equity Option,Sold 1 MARA 04/19/24 Put 14.00 @ 1.11,111.00,1,111.00,0.00,-0.14,100,MARA,MARA,4/19/24,14,PUT,312895913,USD
2024-03-14T10:28:14-0500,Trade,Sell to Close,SELL_TO_CLOSE,MARA  240419P00024000,Equity Option,Sold 1 MARA 04/19/24 Put 24.00 @ 7.67,767.00,1,767.00,0.00,-0.14,100,MARA,MARA,4/19/24,24,PUT,312895913,USD
2024-03-14T10:28:14-0500,Trade,Buy to Close,BUY_TO_CLOSE,MARA  240419P00021000,Equity Option,Bought 2 MARA 04/19/24 Put 21.00 @ 5.24,"-1,048.00",2,-524.00,0.00,-0.25,100,MARA,MARA,4/19/24,21,PUT,312895913,USD
2024-03-13T14:04:26-0500,Trade,Sell to Open,SELL_TO_OPEN,EWZ   240426P00031500,Equity Option,Sold 1 EWZ 04/26/24 Put 31.50 @ 0.47,47.00,1,47.00,-1.00,-0.14,100,EWZ,EWZ,4/26/24,31.5,PUT,312753220,USD
2024-03-13T14:02:50-0500,Trade,Sell to Open,SELL_TO_OPEN,RIOT  240405C00014000,Equity Option,Sold 1 RIOT 04/05/24 Call 14.00 @ 0.64,64.00,1,64.00,-1.00,-0.14,100,RIOT,RIOT,4/05/24,14,CALL,312752750,USD
2024-03-13T14:02:50-0500,Trade,Buy to Open,BUY_TO_OPEN,RIOT  240405C00016500,Equity Option,Bought 1 RIOT 04/05/24 Call 16.50 @ 0.34,-34.00,1,-34.00,-1.00,-0.13,100,RIOT,RIOT,4/05/24,16.5,CALL,312752750,USD
2024-03-13T13:30:12-0500,Trade,Buy to Open,BUY_TO_OPEN,RSP,Equity,Bought 15 RSP @ 166.55,"-2,498.25",15,-166.55,0.00,-0.01,,,,,,,312742264,USD
2024-03-13T10:41:51-0500,Trade,Sell to Close,SELL_TO_CLOSE,EWW   240315P00057000,Equity Option,Sold 1 EWW 03/15/24 Put 57.00 @ 0.04,4.00,1,4.00,0.00,-0.14,100,EWW,EWW,3/15/24,57,PUT,305533826,USD
2024-03-13T10:41:51-0500,Trade,Buy to Close,BUY_TO_CLOSE,EWW   240315P00063000,Equity Option,Bought 1 EWW 03/15/24 Put 63.00 @ 0.11,-11.00,1,-11.00,0.00,-0.13,100,EWW,EWW,3/15/24,63,PUT,305533826,USD
2024-03-13T10:37:28-0500,Trade,Sell to Close,SELL_TO_CLOSE,./HGK4 HXEJ4 240325P3.87,Future Option,Sold 1 /HGK4 HXEJ4 03/25/24 Put 3.87 @ 0.006,150.00,1,150.00,0.00,-1.92,1,"./HGK4 HXEJ4 ",/HGK4,3/25/24,3.87,PUT,312067389,USD
2024-03-13T10:37:28-0500,Trade,Buy to Close,BUY_TO_CLOSE,./HGK4 HXEJ4 240325P3.88,Future Option,Bought 1 /HGK4 HXEJ4 03/25/24 Put 3.88 @ 0.007,-175.00,1,-175.00,0.00,-1.92,1,"./HGK4 HXEJ4 ",/HGK4,3/25/24,3.88,PUT,312067389,USD
2024-03-13T10:23:24-0500,Trade,Sell to Close,SELL_TO_CLOSE,SPY   240621P00415000,Equity Option,Sold 1 SPY 06/21/24 Put 415.00 @ 0.98,98.00,1,98.00,0.00,-0.14,100,SPY,SPY,6/21/24,415,PUT,312676434,USD
2024-03-13T10:23:24-0500,Trade,Buy to Close,BUY_TO_CLOSE,SPY   240621P00412000,Equity Option,Bought 1 SPY 06/21/24 Put 412.00 @ 0.93,-93.00,1,-93.00,0.00,-0.13,100,SPY,SPY,6/21/24,412,PUT,312676434,USD
2024-03-13T10:23:09-0500,Trade,Sell to Close,SELL_TO_CLOSE,SPY   240621P00405000,Equity Option,Sold 1 SPY 06/21/24 Put 405.00 @ 0.84,84.00,1,84.00,0.00,-0.14,100,SPY,SPY,6/21/24,405,PUT,312676337,USD
2024-03-13T10:23:09-0500,Trade,Buy to Close,BUY_TO_CLOSE,SPY   240621P00412000,Equity Option,Bought 1 SPY 06/21/24 Put 412.00 @ 0.94,-94.00,1,-94.00,0.00,-0.13,100,SPY,SPY,6/21/24,412,PUT,312676337,USD
2024-03-13T08:30:03-0500,Trade,Buy to Close,BUY_TO_CLOSE,IWM   240315P00200000,Equity Option,Bought 1 IWM 03/15/24 Put 200.00 @ 0.15,-15.00,1,-15.00,0.00,-0.13,100,IWM,IWM,3/15/24,200,PUT,309662770,USD
2024-03-13T08:30:03-0500,Trade,Sell to Close,SELL_TO_CLOSE,IWM   240315P00197000,Equity Option,Sold 1 IWM 03/15/24 Put 197.00 @ 0.05,5.00,1,5.00,0.00,-0.14,100,IWM,IWM,3/15/24,197,PUT,309662770,USD
2024-03-12T12:38:26-0500,Trade,Sell to Open,SELL_TO_OPEN,XLP   240426P00075000,Equity Option,Sold 1 XLP 04/26/24 Put 75.00 @ 0.69,69.00,1,69.00,-1.00,-0.14,100,XLP,XLP,4/26/24,75,PUT,312514341,USD
2024-03-12T12:38:26-0500,Trade,Buy to Open,BUY_TO_OPEN,XLP   240426P00070000,Equity Option,Bought 1 XLP 04/26/24 Put 70.00 @ 0.09,-9.00,1,-9.00,-1.00,-0.13,100,XLP,XLP,4/26/24,70,PUT,312514341,USD
2024-03-12T12:36:07-0500,Trade,Sell to Open,SELL_TO_OPEN,RSP   240419P00162000,Equity Option,Sold 1 RSP 04/19/24 Put 162.00 @ 1.26,126.00,1,126.00,-1.00,-0.14,100,RSP,RSP,4/19/24,162,PUT,312513675,USD
2024-03-12T12:36:07-0500,Trade,Buy to Open,BUY_TO_OPEN,RSP   240419P00157000,Equity Option,Bought 1 RSP 04/19/24 Put 157.00 @ 0.55,-55.00,1,-55.00,-1.00,-0.13,100,RSP,RSP,4/19/24,157,PUT,312513675,USD
2024-03-12T12:26:57-0500,Trade,Sell to Open,SELL_TO_OPEN,XOP   240405P00143000,Equity Option,Sold 1 XOP 04/05/24 Put 143.00 @ 3.30,330.00,1,330.00,-1.00,-0.14,100,XOP,XOP,4/05/24,143,PUT,312510645,USD
2024-03-12T12:26:57-0500,Trade,Buy to Open,BUY_TO_OPEN,XOP   240405P00140000,Equity Option,Bought 1 XOP 04/05/24 Put 140.00 @ 2.00,-200.00,1,-200.00,-1.00,-0.13,100,XOP,XOP,4/05/24,140,PUT,312510645,USD
2024-03-08T12:56:57-0600,Trade,Buy to Open,BUY_TO_OPEN,./ZWK4 OZWK4 240426C595,Future Option,Bought 1 /ZWK4 OZWK4 04/26/24 Call 595.00 @ 8.25,-412.50,1,-412.50,-2.50,-2.42,1,"./ZWK4 OZWK4 ",/ZWK4,4/26/24,595,CALL,312069484,USD
2024-03-08T12:56:57-0600,Trade,Sell to Open,SELL_TO_OPEN,./ZWK4 OZWK4 240426C590,Future Option,Sold 1 /ZWK4 OZWK4 04/26/24 Call 590.00 @ 9.125,456.25,1,456.25,-2.50,-2.42,1,"./ZWK4 OZWK4 ",/ZWK4,4/26/24,590,CALL,312069484,USD
2024-03-08T12:47:59-0600,Trade,Buy to Open,BUY_TO_OPEN,./HGK4 HXEJ4 240325P3.87,Future Option,Bought 1 /HGK4 HXEJ4 03/25/24 Put 3.87 @ 0.045,"-1,125.00",1,"-1,125.00",-2.50,-1.92,1,"./HGK4 HXEJ4 ",/HGK4,3/25/24,3.87,PUT,312065581,USD
2024-03-08T12:47:59-0600,Trade,Sell to Open,SELL_TO_OPEN,./HGK4 HXEJ4 240325P3.88,Future Option,Sold 1 /HGK4 HXEJ4 03/25/24 Put 3.88 @ 0.05,"1,250.00",1,"1,250.00",-2.50,-1.92,1,"./HGK4 HXEJ4 ",/HGK4,3/25/24,3.88,PUT,312065581,USD
2024-03-07T13:56:08-0600,Trade,Sell to Close,SELL_TO_CLOSE,./GCJ4 OGJ4  240325C2160,Future Option,Sold 1 /GCJ4 OGJ4 03/25/24 Call 2160.00 @ 30.6,"3,060.00",1,"3,060.00",0.00,-1.92,1,"./GCJ4 OGJ4  ",/GCJ4,3/25/24,2160,CALL,311811105,USD
2024-03-07T13:56:08-0600,Trade,Sell to Close,SELL_TO_CLOSE,./GCJ4 OGJ4  240325P1955,Future Option,Sold 1 /GCJ4 OGJ4 03/25/24 Put 1955.00 @ 0.2,20.00,1,20.00,0.00,-1.92,1,"./GCJ4 OGJ4  ",/GCJ4,3/25/24,1955,PUT,311811105,USD
2024-03-07T13:56:08-0600,Trade,Buy to Close,BUY_TO_CLOSE,./GCJ4 OGJ4  240325C2155,Future Option,Bought 1 /GCJ4 OGJ4 03/25/24 Call 2155.00 @ 33.2,"-3,320.00",1,"-3,320.00",0.00,-1.92,1,"./GCJ4 OGJ4  ",/GCJ4,3/25/24,2155,CALL,311811105,USD
2024-03-07T13:56:08-0600,Trade,Buy to Close,BUY_TO_CLOSE,./GCJ4 OGJ4  240325P1960,Future Option,Bought 1 /GCJ4 OGJ4 03/25/24 Put 1960.00 @ 0.3,-30.00,1,-30.00,0.00,-1.92,1,"./GCJ4 OGJ4  ",/GCJ4,3/25/24,1960,PUT,311811105,USD
2024-03-07T11:38:06-0600,Trade,Sell to Open,SELL_TO_OPEN,KRE   240419P00046000,Equity Option,Sold 1 KRE 04/19/24 Put 46.00 @ 0.94,94.00,1,94.00,-1.00,-0.14,100,KRE,KRE,4/19/24,46,PUT,311758739,USD
2024-03-07T11:38:06-0600,Trade,Buy to Open,BUY_TO_OPEN,KRE   240419P00041000,Equity Option,Bought 1 KRE 04/19/24 Put 41.00 @ 0.23,-23.00,1,-23.00,-1.00,-0.13,100,KRE,KRE,4/19/24,41,PUT,311758739,USD
2024-03-07T11:25:22-0600,Trade,Sell to Open,SELL_TO_OPEN,TLT   240419P00093000,Equity Option,Sold 1 TLT 04/19/24 Put 93.00 @ 0.73,73.00,1,73.00,-1.00,-0.14,100,TLT,TLT,4/19/24,93,PUT,311753655,USD
2024-03-07T11:25:22-0600,Trade,Buy to Open,BUY_TO_OPEN,TLT   240419P00090000,Equity Option,Bought 1 TLT 04/19/24 Put 90.00 @ 0.26,-26.00,1,-26.00,-1.00,-0.13,100,TLT,TLT,4/19/24,90,PUT,311753655,USD
2024-03-07T11:19:28-0600,Trade,Sell to Open,SELL_TO_OPEN,XLU   240419P00062000,Equity Option,Sold 1 XLU 04/19/24 Put 62.00 @ 0.86,86.00,1,86.00,-1.00,-0.14,100,XLU,XLU,4/19/24,62,PUT,311751071,USD
2024-03-07T11:19:28-0600,Trade,Buy to Open,BUY_TO_OPEN,XLU   240419P00057000,Equity Option,Bought 1 XLU 04/19/24 Put 57.00 @ 0.14,-14.00,1,-14.00,-1.00,-0.13,100,XLU,XLU,4/19/24,57,PUT,311751071,USD
2024-03-06T07:16:03-0600,Trade,Sell to Close,SELL_TO_CLOSE,./ZWK4 OZWJ4 240322C720,Future Option,Sold 1 /ZWK4 OZWJ4 03/22/24 Call 720.00 @ 0.125,6.25,1,6.25,0.00,-2.42,1,"./ZWK4 OZWJ4 ",/ZWK4,3/22/24,720,CALL,311392828,USD
2024-03-06T07:16:03-0600,Trade,Sell to Close,SELL_TO_CLOSE,./ZWK4 OZWJ4 240322P555,Future Option,Sold 1 /ZWK4 OZWJ4 03/22/24 Put 555.00 @ 18.75,937.50,1,937.50,0.00,-2.42,1,"./ZWK4 OZWJ4 ",/ZWK4,3/22/24,555,PUT,311392828,USD
2024-03-06T07:16:03-0600,Trade,Buy to Close,BUY_TO_CLOSE,./ZWK4 OZWJ4 240322C715,Future Option,Bought 1 /ZWK4 OZWJ4 03/22/24 Call 715.00 @ 0.125,-6.25,1,-6.25,0.00,-2.42,1,"./ZWK4 OZWJ4 ",/ZWK4,3/22/24,715,CALL,311392828,USD
2024-03-06T07:16:03-0600,Trade,Buy to Close,BUY_TO_CLOSE,./ZWK4 OZWJ4 240322P560,Future Option,Bought 1 /ZWK4 OZWJ4 03/22/24 Put 560.00 @ 22.125,"-1,106.25",1,"-1,106.25",0.00,-2.42,1,"./ZWK4 OZWJ4 ",/ZWK4,3/22/24,560,PUT,311392828,USD
2024-03-04T12:00:45-0600,Trade,Buy to Open,BUY_TO_OPEN,XME   240419P00050000,Equity Option,Bought 1 XME 04/19/24 Put 50.00 @ 0.17,-17.00,1,-17.00,-1.00,-0.13,100,XME,XME,4/19/24,50,PUT,311056034,USD
2024-03-04T12:00:45-0600,Trade,Sell to Open,SELL_TO_OPEN,XME   240419P00055000,Equity Option,Sold 1 XME 04/19/24 Put 55.00 @ 0.82,82.00,1,82.00,-1.00,-0.14,100,XME,XME,4/19/24,55,PUT,311056034,USD
2024-03-04T09:36:53-0600,Trade,Buy to Close,BUY_TO_CLOSE,QQQ   240621P00345780,Equity Option,Bought 1 QQQ 06/21/24 Put 345.78 @ 0.99,-99.00,1,-99.00,0.00,-0.13,100,QQQ,QQQ,6/21/24,345.78,PUT,310986749,USD
2024-03-04T09:36:53-0600,Trade,Sell to Close,SELL_TO_CLOSE,QQQ   240621P00339780,Equity Option,Sold 1 QQQ 06/21/24 Put 339.78 @ 0.87,87.00,1,87.00,0.00,-0.14,100,QQQ,QQQ,6/21/24,339.78,PUT,310986749,USD
2024-03-04T09:36:53-0600,Trade,Sell to Close,SELL_TO_CLOSE,QQQ   240621P00348780,Equity Option,Sold 1 QQQ 06/21/24 Put 348.78 @ 1.05,105.00,1,105.00,0.00,-0.14,100,QQQ,QQQ,6/21/24,348.78,PUT,310986749,USD
2024-03-04T09:36:53-0600,Trade,Buy to Close,BUY_TO_CLOSE,QQQ   240621P00345780,Equity Option,Bought 1 QQQ 06/21/24 Put 345.78 @ 0.98,-98.00,1,-98.00,0.00,-0.13,100,QQQ,QQQ,6/21/24,345.78,PUT,310986749,USD
2024-03-04T09:34:40-0600,Trade,Sell to Close,SELL_TO_CLOSE,./HGK4 HXEJ4 240325C4.17,Future Option,Sold 1 /HGK4 HXEJ4 03/25/24 Call 4.17 @ 0.003,75.00,1,75.00,0.00,-1.92,1,"./HGK4 HXEJ4 ",/HGK4,3/25/24,4.17,CALL,310985201,USD
2024-03-04T09:34:40-0600,Trade,Sell to Close,SELL_TO_CLOSE,./HGK4 HXEJ4 240325P3.59,Future Option,Sold 1 /HGK4 HXEJ4 03/25/24 Put 3.59 @ 0.0025,62.50,1,62.50,0.00,-1.92,1,"./HGK4 HXEJ4 ",/HGK4,3/25/24,3.59,PUT,310985201,USD
2024-03-04T09:34:40-0600,Trade,Buy to Close,BUY_TO_CLOSE,./HGK4 HXEJ4 240325C4.15,Future Option,Bought 1 /HGK4 HXEJ4 03/25/24 Call 4.15 @ 0.0035,-87.50,1,-87.50,0.00,-1.92,1,"./HGK4 HXEJ4 ",/HGK4,3/25/24,4.15,CALL,310985201,USD
2024-03-04T09:34:40-0600,Trade,Buy to Close,BUY_TO_CLOSE,./HGK4 HXEJ4 240325P3.61,Future Option,Bought 1 /HGK4 HXEJ4 03/25/24 Put 3.61 @ 0.0035,-87.50,1,-87.50,0.00,-1.92,1,"./HGK4 HXEJ4 ",/HGK4,3/25/24,3.61,PUT,310985201,USD
2024-03-01T09:17:05-0600,Trade,Sell to Close,SELL_TO_CLOSE,OIH   240308P00282500,Equity Option,Sold 1 OIH 03/08/24 Put 282.50 @ 0.30,30.00,1,30.00,0.00,-0.14,100,OIH,OIH,3/08/24,282.5,PUT,305533585,USD
2024-03-01T09:17:05-0600,Trade,Sell to Close,SELL_TO_CLOSE,OIH   240308P00290000,Equity Option,Sold 1 OIH 03/08/24 Put 290.00 @ 0.80,80.00,1,80.00,0.00,-0.14,100,OIH,OIH,3/08/24,290,PUT,305533585,USD
2024-03-01T09:17:05-0600,Trade,Buy to Close,BUY_TO_CLOSE,OIH   240308P00287500,Equity Option,Bought 2 OIH 03/08/24 Put 287.50 @ 0.57,-114.00,2,-57.00,0.00,-0.25,100,OIH,OIH,3/08/24,287.5,PUT,305533585,USD
2024-02-27T14:07:23-0600,Trade,Sell to Close,SELL_TO_CLOSE,XBI   240315P00088500,Equity Option,Sold 1 XBI 03/15/24 Put 88.50 @ 0.10,10.00,1,10.00,0.00,-0.14,100,XBI,XBI,3/15/24,88.5,PUT,309023194,USD
2024-02-27T14:07:23-0600,Trade,Buy to Close,BUY_TO_CLOSE,XBI   240315P00091500,Equity Option,Bought 1 XBI 03/15/24 Put 91.50 @ 0.20,-20.00,1,-20.00,0.00,-0.13,100,XBI,XBI,3/15/24,91.5,PUT,309023194,USD
2024-02-23T11:50:09-0600,Trade,Sell to Open,SELL_TO_OPEN,IYR   240419P00085000,Equity Option,Sold 1 IYR 04/19/24 Put 85.00 @ 1.26,126.00,1,126.00,-1.00,-0.14,100,IYR,IYR,4/19/24,85,PUT,309652493,USD
2024-02-23T11:50:09-0600,Trade,Buy to Open,BUY_TO_OPEN,IYR   240419P00080000,Equity Option,Bought 1 IYR 04/19/24 Put 80.00 @ 0.45,-45.00,1,-45.00,-1.00,-0.13,100,IYR,IYR,4/19/24,80,PUT,309652493,USD
2024-02-23T11:39:58-0600,Trade,Sell to Open,SELL_TO_OPEN,IWM   240315P00200000,Equity Option,Sold 1 IWM 03/15/24 Put 200.00 @ 3.54,354.00,1,354.00,-1.00,-0.14,100,IWM,IWM,3/15/24,200,PUT,309648724,USD
2024-02-23T11:39:58-0600,Trade,Buy to Open,BUY_TO_OPEN,IWM   240315P00197000,Equity Option,Bought 1 IWM 03/15/24 Put 197.00 @ 2.37,-237.00,1,-237.00,-1.00,-0.13,100,IWM,IWM,3/15/24,197,PUT,309648724,USD
2024-02-23T08:51:45-0600,Trade,Sell to Close,SELL_TO_CLOSE,IWM   240315C00215000,Equity Option,Sold 1 IWM 03/15/24 Call 215.00 @ 0.44,44.00,1,44.00,0.00,-0.14,100,IWM,IWM,3/15/24,215,CALL,302876285,USD
2024-02-23T08:51:45-0600,Trade,Sell to Close,SELL_TO_CLOSE,IWM   240315P00176000,Equity Option,Sold 1 IWM 03/15/24 Put 176.00 @ 0.21,21.00,1,21.00,0.00,-0.14,100,IWM,IWM,3/15/24,176,PUT,302876285,USD
2024-02-23T08:51:45-0600,Trade,Buy to Close,BUY_TO_CLOSE,IWM   240315C00212000,Equity Option,Bought 1 IWM 03/15/24 Call 212.00 @ 0.71,-71.00,1,-71.00,0.00,-0.13,100,IWM,IWM,3/15/24,212,CALL,302876285,USD
2024-02-23T08:51:45-0600,Trade,Buy to Close,BUY_TO_CLOSE,IWM   240315P00179000,Equity Option,Bought 1 IWM 03/15/24 Put 179.00 @ 0.29,-29.00,1,-29.00,0.00,-0.13,100,IWM,IWM,3/15/24,179,PUT,302876285,USD
2024-02-20T13:22:17-0600,Trade,Buy to Open,BUY_TO_OPEN,XBI   240315P00088500,Equity Option,Bought 1 XBI 03/15/24 Put 88.50 @ 1.60,-160.00,1,-160.00,-1.00,-0.13,100,XBI,XBI,3/15/24,88.5,PUT,308978918,USD
2024-02-20T13:22:17-0600,Trade,Sell to Open,SELL_TO_OPEN,XBI   240315P00091500,Equity Option,Sold 1 XBI 03/15/24 Put 91.50 @ 2.73,273.00,1,273.00,-1.00,-0.14,100,XBI,XBI,3/15/24,91.5,PUT,308978918,USD
2024-02-16T09:46:43-0600,Trade,Sell to Close,SELL_TO_CLOSE,EFA   240328P00068000,Equity Option,Sold 1 EFA 03/28/24 Put 68.00 @ 0.08,8.00,1,8.00,0.00,-0.14,100,EFA,EFA,3/28/24,68,PUT,305324783,USD
2024-02-16T09:46:43-0600,Trade,Buy to Close,BUY_TO_CLOSE,EFA   240328P00073000,Equity Option,Bought 1 EFA 03/28/24 Put 73.00 @ 0.33,-33.00,1,-33.00,0.00,-0.13,100,EFA,EFA,3/28/24,73,PUT,305324783,USD
2024-02-16T09:13:15-0600,Trade,Sell to Close,SELL_TO_CLOSE,OIH   240216C00305000,Equity Option,Sold 1 OIH 02/16/24 Call 305.00 @ 0.07,7.00,1,7.00,0.00,-0.14,100,OIH,OIH,2/16/24,305,CALL,308604720,USD
2024-02-16T09:13:15-0600,Trade,Buy to Close,BUY_TO_CLOSE,OIH   240216C00302500,Equity Option,Bought 1 OIH 02/16/24 Call 302.50 @ 0.14,-14.00,1,-14.00,0.00,-0.13,100,OIH,OIH,2/16/24,302.5,CALL,308604720,USD
2024-02-13T12:34:36-0600,Trade,Buy to Open,BUY_TO_OPEN,MARA  240419P00024000,Equity Option,Bought 1 MARA 04/19/24 Put 24.00 @ 4.45,-445.00,1,-445.00,-1.00,-0.13,100,MARA,MARA,4/19/24,24,PUT,307996347,USD
2024-02-13T12:34:36-0600,Trade,Sell to Open,SELL_TO_OPEN,MARA  240419P00021000,Equity Option,Sold 1 MARA 04/19/24 Put 21.00 @ 2.84,284.00,1,284.00,-1.00,-0.14,100,MARA,MARA,4/19/24,21,PUT,307996347,USD
2024-02-13T12:34:36-0600,Trade,Sell to Open,SELL_TO_OPEN,MARA  240419P00021000,Equity Option,Sold 1 MARA 04/19/24 Put 21.00 @ 2.83,283.00,1,283.00,-1.00,-0.14,100,MARA,MARA,4/19/24,21,PUT,307996347,USD
2024-02-13T12:34:36-0600,Trade,Buy to Open,BUY_TO_OPEN,MARA  240419P00014000,Equity Option,Bought 1 MARA 04/19/24 Put 14.00 @ 0.61,-61.00,1,-61.00,-1.00,-0.13,100,MARA,MARA,4/19/24,14,PUT,307996347,USD
2024-02-07T13:48:14-0600,Trade,Sell to Close,SELL_TO_CLOSE,SPY   240216P00481000,Equity Option,Sold 1 SPY 02/16/24 Put 481.00 @ 0.23,23.00,1,23.00,0.00,-0.14,100,SPY,SPY,2/16/24,481,PUT,304516913,USD
2024-02-07T13:48:14-0600,Trade,Buy to Close,BUY_TO_CLOSE,SPY   240216P00484000,Equity Option,Bought 1 SPY 02/16/24 Put 484.00 @ 0.33,-33.00,1,-33.00,0.00,-0.13,100,SPY,SPY,2/16/24,484,PUT,304516913,USD
2024-02-06T08:37:42-0600,Trade,Buy to Close,BUY_TO_CLOSE,XLU   240209C00062500,Equity Option,Bought 1 XLU 02/09/24 Call 62.50 @ 0.02,-2.00,1,-2.00,0.00,-0.13,100,XLU,XLU,2/09/24,62.5,CALL,306757141,USD
2024-02-02T09:26:26-0600,Trade,Buy to Open,BUY_TO_OPEN,./HGK4 HXEJ4 240325C4.17,Future Option,Bought 1 /HGK4 HXEJ4 03/25/24 Call 4.17 @ 0.0195,-487.50,1,-487.50,-2.50,-1.92,1,"./HGK4 HXEJ4 ",/HGK4,3/25/24,4.17,CALL,306339374,USD
2024-02-02T09:26:26-0600,Trade,Buy to Open,BUY_TO_OPEN,./HGK4 HXEJ4 240325P3.59,Future Option,Bought 1 /HGK4 HXEJ4 03/25/24 Put 3.59 @ 0.0175,-437.50,1,-437.50,-2.50,-1.92,1,"./HGK4 HXEJ4 ",/HGK4,3/25/24,3.59,PUT,306339374,USD
2024-02-02T09:26:26-0600,Trade,Sell to Open,SELL_TO_OPEN,./HGK4 HXEJ4 240325C4.15,Future Option,Sold 1 /HGK4 HXEJ4 03/25/24 Call 4.15 @ 0.0215,537.50,1,537.50,-2.50,-1.92,1,"./HGK4 HXEJ4 ",/HGK4,3/25/24,4.15,CALL,306339374,USD
2024-02-02T09:26:26-0600,Trade,Sell to Open,SELL_TO_OPEN,./HGK4 HXEJ4 240325P3.61,Future Option,Sold 1 /HGK4 HXEJ4 03/25/24 Put 3.61 @ 0.02,500.00,1,500.00,-2.50,-1.92,1,"./HGK4 HXEJ4 ",/HGK4,3/25/24,3.61,PUT,306339374,USD
2024-02-02T09:17:57-0600,Trade,Sell to Open,SELL_TO_OPEN,OIH   240216C00302500,Equity Option,Sold 1 OIH 02/16/24 Call 302.50 @ 2.10,210.00,1,210.00,-1.00,-0.14,100,OIH,OIH,2/16/24,302.5,CALL,306332997,USD
2024-02-02T09:17:57-0600,Trade,Buy to Open,BUY_TO_OPEN,OIH   240216C00305000,Equity Option,Bought 1 OIH 02/16/24 Call 305.00 @ 1.66,-166.00,1,-166.00,-1.00,-0.13,100,OIH,OIH,2/16/24,305,CALL,306332997,USD
2024-02-01T08:49:15-0600,Trade,Sell to Close,SELL_TO_CLOSE,XOP   240202C00141000,Equity Option,Sold 1 XOP 02/02/24 Call 141.00 @ 0.02,2.00,1,2.00,0.00,-0.14,100,XOP,XOP,2/02/24,141,CALL,306069132,USD
2024-02-01T08:49:15-0600,Trade,Buy to Close,BUY_TO_CLOSE,XOP   240202C00138500,Equity Option,Bought 1 XOP 02/02/24 Call 138.50 @ 0.08,-8.00,1,-8.00,0.00,-0.13,100,XOP,XOP,2/02/24,138.5,CALL,306069132,USD
2024-02-01T08:48:34-0600,Trade,Sell to Close,SELL_TO_CLOSE,KRE   240315P00043000,Equity Option,Sold 1 KRE 03/15/24 Put 43.00 @ 0.48,48.00,1,48.00,0.00,-0.14,100,KRE,KRE,3/15/24,43,PUT,306068532,USD
2024-02-01T08:48:34-0600,Trade,Buy to Close,BUY_TO_CLOSE,KRE   240315P00049000,Equity Option,Bought 1 KRE 03/15/24 Put 49.00 @ 2.16,-216.00,1,-216.00,0.00,-0.13,100,KRE,KRE,3/15/24,49,PUT,306068532,USD
2024-01-29T12:39:29-0600,Trade,Buy to Open,BUY_TO_OPEN,./GCJ4 OGJ4  240325C2160,Future Option,Bought 1 /GCJ4 OGJ4 03/25/24 Call 2160.00 @ 7.7,-770.00,1,-770.00,-2.50,-1.82,1,"./GCJ4 OGJ4  ",/GCJ4,3/25/24,2160,CALL,305530382,USD
2024-01-29T12:39:29-0600,Trade,Buy to Open,BUY_TO_OPEN,./GCJ4 OGJ4  240325P1955,Future Option,Bought 1 /GCJ4 OGJ4 03/25/24 Put 1955.00 @ 6.3,-630.00,1,-630.00,-2.50,-1.82,1,"./GCJ4 OGJ4  ",/GCJ4,3/25/24,1955,PUT,305530382,USD
2024-01-29T12:39:29-0600,Trade,Sell to Open,SELL_TO_OPEN,./GCJ4 OGJ4  240325C2155,Future Option,Sold 1 /GCJ4 OGJ4 03/25/24 Call 2155.00 @ 8.2,820.00,1,820.00,-2.50,-1.82,1,"./GCJ4 OGJ4  ",/GCJ4,3/25/24,2155,CALL,305530382,USD
2024-01-29T12:39:29-0600,Trade,Sell to Open,SELL_TO_OPEN,./GCJ4 OGJ4  240325P1960,Future Option,Sold 1 /GCJ4 OGJ4 03/25/24 Put 1960.00 @ 7.0,700.00,1,700.00,-2.50,-1.82,1,"./GCJ4 OGJ4  ",/GCJ4,3/25/24,1960,PUT,305530382,USD
2024-01-29T12:33:10-0600,Trade,Sell to Open,SELL_TO_OPEN,EWW   240315P00063000,Equity Option,Sold 1 EWW 03/15/24 Put 63.00 @ 0.95,95.00,1,95.00,-1.00,-0.14,100,EWW,EWW,3/15/24,63,PUT,305528688,USD
2024-01-29T12:33:10-0600,Trade,Buy to Open,BUY_TO_OPEN,EWW   240315P00057000,Equity Option,Bought 1 EWW 03/15/24 Put 57.00 @ 0.27,-27.00,1,-27.00,-1.00,-0.13,100,EWW,EWW,3/15/24,57,PUT,305528688,USD
2024-01-29T12:30:04-0600,Trade,Sell to Open,SELL_TO_OPEN,OIH   240308P00287500,Equity Option,Sold 2 OIH 03/08/24 Put 287.50 @ 4.77,954.00,2,477.00,-2.00,-0.27,100,OIH,OIH,3/08/24,287.5,PUT,305527716,USD
2024-01-29T12:30:04-0600,Trade,Buy to Open,BUY_TO_OPEN,OIH   240308P00290000,Equity Option,Bought 1 OIH 03/08/24 Put 290.00 @ 5.43,-543.00,1,-543.00,-1.00,-0.13,100,OIH,OIH,3/08/24,290,PUT,305527716,USD
2024-01-29T12:30:04-0600,Trade,Buy to Open,BUY_TO_OPEN,OIH   240308P00282500,Equity Option,Bought 1 OIH 03/08/24 Put 282.50 @ 3.71,-371.00,1,-371.00,-1.00,-0.13,100,OIH,OIH,3/08/24,282.5,PUT,305527716,USD
2024-01-26T12:43:26-0600,Trade,Buy to Open,BUY_TO_OPEN,./SIK4 SOJ4  240325C25.7,Future Option,Bought 1 /SIK4 SOJ4 03/25/24 Call 25.700 @ 0.17,-850.00,1,-850.00,-2.50,-1.82,1,"./SIK4 SOJ4  ",/SIK4,3/25/24,25.7,CALL,305325858,USD
2024-01-26T12:43:26-0600,Trade,Buy to Open,BUY_TO_OPEN,./SIK4 SOJ4  240325P21.2,Future Option,Bought 1 /SIK4 SOJ4 03/25/24 Put 21.200 @ 0.157,-785.00,1,-785.00,-2.50,-1.82,1,"./SIK4 SOJ4  ",/SIK4,3/25/24,21.2,PUT,305325858,USD
2024-01-26T12:43:26-0600,Trade,Sell to Open,SELL_TO_OPEN,./SIK4 SOJ4  240325C25.6,Future Option,Sold 1 /SIK4 SOJ4 03/25/24 Call 25.600 @ 0.18,900.00,1,900.00,-2.50,-1.82,1,"./SIK4 SOJ4  ",/SIK4,3/25/24,25.6,CALL,305325858,USD
2024-01-26T12:43:26-0600,Trade,Sell to Open,SELL_TO_OPEN,./SIK4 SOJ4  240325P21.3,Future Option,Sold 1 /SIK4 SOJ4 03/25/24 Put 21.300 @ 0.172,860.00,1,860.00,-2.50,-1.82,1,"./SIK4 SOJ4  ",/SIK4,3/25/24,21.3,PUT,305325858,USD
2024-01-26T12:40:38-0600,Trade,Sell to Open,SELL_TO_OPEN,EFA   240328P00073000,Equity Option,Sold 1 EFA 03/28/24 Put 73.00 @ 0.72,72.00,1,72.00,-1.00,-0.14,100,EFA,EFA,3/28/24,73,PUT,305324583,USD
2024-01-26T12:40:38-0600,Trade,Buy to Open,BUY_TO_OPEN,EFA   240328P00068000,Equity Option,Bought 1 EFA 03/28/24 Put 68.00 @ 0.21,-21.00,1,-21.00,-1.00,-0.13,100,EFA,EFA,3/28/24,68,PUT,305324583,USD
2024-01-25T09:39:12-0600,Trade,Buy to Close,BUY_TO_CLOSE,./MCLJ4MCOJ4 240315C85.75,Future Option,Bought 1 /MCLJ4 MCOJ4 03/15/24 Call 85.75 @ 0.66,-66.00,1,-66.00,0.00,-1.07,1,"./MCLJ4MCOJ4 ",/MCLJ4,3/15/24,85.75,CALL,305023372,USD
2024-01-25T09:39:12-0600,Trade,Buy to Close,BUY_TO_CLOSE,./MCLJ4MCOJ4 240315P62,Future Option,Bought 1 /MCLJ4 MCOJ4 03/15/24 Put 62.00 @ 0.39,-39.00,1,-39.00,0.00,-1.07,1,"./MCLJ4MCOJ4 ",/MCLJ4,3/15/24,62,PUT,305023372,USD
2024-01-24T12:29:51-0600,Trade,Buy to Open,BUY_TO_OPEN,./ZWK4 OZWJ4 240322C720,Future Option,Bought 1 /ZWK4 OZWJ4 03/22/24 Call 720.00 @ 5.125,-256.25,1,-256.25,-2.50,-2.42,1,"./ZWK4 OZWJ4 ",/ZWK4,3/22/24,720,CALL,304869281,USD
2024-01-24T12:29:51-0600,Trade,Buy to Open,BUY_TO_OPEN,./ZWK4 OZWJ4 240322P555,Future Option,Bought 1 /ZWK4 OZWJ4 03/22/24 Put 555.00 @ 4.5,-225.00,1,-225.00,-2.50,-2.42,1,"./ZWK4 OZWJ4 ",/ZWK4,3/22/24,555,PUT,304869281,USD
2024-01-24T12:29:51-0600,Trade,Sell to Open,SELL_TO_OPEN,./ZWK4 OZWJ4 240322C715,Future Option,Sold 1 /ZWK4 OZWJ4 03/22/24 Call 715.00 @ 5.5,275.00,1,275.00,-2.50,-2.42,1,"./ZWK4 OZWJ4 ",/ZWK4,3/22/24,715,CALL,304869281,USD
2024-01-24T12:29:51-0600,Trade,Sell to Open,SELL_TO_OPEN,./ZWK4 OZWJ4 240322P560,Future Option,Sold 1 /ZWK4 OZWJ4 03/22/24 Put 560.00 @ 5.25,262.50,1,262.50,-2.50,-2.42,1,"./ZWK4 OZWJ4 ",/ZWK4,3/22/24,560,PUT,304869281,USD
2024-01-24T12:18:10-0600,Trade,Sell to Open,SELL_TO_OPEN,KRE   240315P00049000,Equity Option,Sold 1 KRE 03/15/24 Put 49.00 @ 0.80,80.00,1,80.00,-1.00,-0.14,100,KRE,KRE,3/15/24,49,PUT,304864378,USD
2024-01-24T12:18:10-0600,Trade,Buy to Open,BUY_TO_OPEN,KRE   240315P00043000,Equity Option,Bought 1 KRE 03/15/24 Put 43.00 @ 0.16,-16.00,1,-16.00,-1.00,-0.13,100,KRE,KRE,3/15/24,43,PUT,304864378,USD
2024-01-22T08:47:48-0600,Trade,Buy to Open,BUY_TO_OPEN,SPY   240216P00481000,Equity Option,Bought 1 SPY 02/16/24 Put 481.00 @ 3.82,-382.00,1,-382.00,-1.00,-0.13,100,SPY,SPY,2/16/24,481,PUT,304346888,USD
2024-01-22T08:47:48-0600,Trade,Sell to Open,SELL_TO_OPEN,SPY   240216P00484000,Equity Option,Sold 1 SPY 02/16/24 Put 484.00 @ 4.87,487.00,1,487.00,-1.00,-0.14,100,SPY,SPY,2/16/24,484,PUT,304346888,USD
2024-01-19T14:16:29-0600,Trade,Buy to Close,BUY_TO_CLOSE,SPY   240328P00421000,Equity Option,Bought 2 SPY 03/28/24 Put 421.00 @ 1.06,-212.00,2,-106.00,0.00,-0.25,100,SPY,SPY,3/28/24,421,PUT,304261545,USD
2024-01-19T14:16:29-0600,Trade,Sell to Close,SELL_TO_CLOSE,SPY   240328P00424000,Equity Option,Sold 1 SPY 03/28/24 Put 424.00 @ 1.15,115.00,1,115.00,0.00,-0.14,100,SPY,SPY,3/28/24,424,PUT,304261545,USD
2024-01-19T14:16:29-0600,Trade,Sell to Close,SELL_TO_CLOSE,SPY   240328P00415000,Equity Option,Sold 1 SPY 03/28/24 Put 415.00 @ 0.92,92.00,1,92.00,0.00,-0.14,100,SPY,SPY,3/28/24,415,PUT,304261545,USD
2024-01-19T13:20:23-0600,Trade,Sell to Close,SELL_TO_CLOSE,QQQ   240315P00363780,Equity Option,Sold 1 QQQ 03/15/24 Put 363.78 @ 0.92,92.00,1,92.00,0.00,-0.14,100,QQQ,QQQ,3/15/24,363.78,PUT,304209209,USD
2024-01-19T13:20:23-0600,Trade,Sell to Close,SELL_TO_CLOSE,QQQ   240315C00434780,Equity Option,Sold 1 QQQ 03/15/24 Call 434.78 @ 5.70,570.00,1,570.00,0.00,-0.14,100,QQQ,QQQ,3/15/24,434.78,CALL,304209209,USD
2024-01-19T13:20:23-0600,Trade,Buy to Close,BUY_TO_CLOSE,QQQ   240315P00367780,Equity Option,Bought 1 QQQ 03/15/24 Put 367.78 @ 1.07,-107.00,1,-107.00,0.00,-0.13,100,QQQ,QQQ,3/15/24,367.78,PUT,304209209,USD
2024-01-19T13:20:23-0600,Trade,Buy to Close,BUY_TO_CLOSE,QQQ   240315C00430000,Equity Option,Bought 1 QQQ 03/15/24 Call 430.00 @ 7.65,-765.00,1,-765.00,0.00,-0.13,100,QQQ,QQQ,3/15/24,430,CALL,304209209,USD
2024-01-19T12:27:36-0600,Trade,Sell to Close,SELL_TO_CLOSE,SMH   240202P00169000,Equity Option,Sold 1 SMH 02/02/24 Put 169.00 @ 0.29,29.00,1,29.00,0.00,-0.14,100,SMH,SMH,2/02/24,169,PUT,304203234,USD
2024-01-19T12:27:36-0600,Trade,Buy to Close,BUY_TO_CLOSE,SMH   240202P00172000,Equity Option,Bought 1 SMH 02/02/24 Put 172.00 @ 0.45,-45.00,1,-45.00,0.00,-0.13,100,SMH,SMH,2/02/24,172,PUT,304203234,USD
2024-01-19T08:54:09-0600,Trade,Sell to Close,SELL_TO_CLOSE,./SIH4 SOG4  240125C24.2,Future Option,Sold 1 /SIH4 SOG4 01/25/24 Call 24.200 @ 0.018,90.00,1,90.00,0.00,-1.82,1,"./SIH4 SOG4  ",/SIH4,1/25/24,24.2,CALL,304079876,USD
2024-01-19T08:54:09-0600,Trade,Buy to Close,BUY_TO_CLOSE,./SIH4 SOG4  240125C24.15,Future Option,Bought 1 /SIH4 SOG4 01/25/24 Call 24.150 @ 0.02,-100.00,1,-100.00,0.00,-1.82,1,"./SIH4 SOG4  ",/SIH4,1/25/24,24.15,CALL,304079876,USD
2024-01-19T08:44:46-0600,Trade,Sell to Open,SELL_TO_OPEN,XLU   240209C00062500,Equity Option,Sold 1 XLU 02/09/24 Call 62.50 @ 0.35,35.00,1,35.00,-1.00,-0.14,100,XLU,XLU,2/09/24,62.5,CALL,304070368,USD
2024-01-19T08:44:46-0600,Trade,Buy to Open,BUY_TO_OPEN,XLU   240209C00064500,Equity Option,Bought 1 XLU 02/09/24 Call 64.50 @ 0.08,-8.00,1,-8.00,-1.00,-0.13,100,XLU,XLU,2/09/24,64.5,CALL,304070368,USD
2024-01-18T08:33:36-0600,Trade,Buy to Close,BUY_TO_CLOSE,XLU   240216P00063000,Equity Option,Bought 1 XLU 02/16/24 Put 63.00 @ 2.13,-213.00,1,-213.00,0.00,-0.13,100,XLU,XLU,2/16/24,63,PUT,303829552,USD
2024-01-18T08:33:19-0600,Trade,Sell to Close,SELL_TO_CLOSE,XLE   240216P00077000,Equity Option,Sold 1 XLE 02/16/24 Put 77.00 @ 0.89,89.00,1,89.00,0.00,-0.14,100,XLE,XLE,2/16/24,77,PUT,303829137,USD
2024-01-18T08:33:19-0600,Trade,Sell to Close,SELL_TO_CLOSE,XLE   240216P00082000,Equity Option,Sold 1 XLE 02/16/24 Put 82.00 @ 3.07,307.00,1,307.00,0.00,-0.14,100,XLE,XLE,2/16/24,82,PUT,303829137,USD
2024-01-18T08:33:19-0600,Trade,Buy to Close,BUY_TO_CLOSE,XLE   240216P00081000,Equity Option,Bought 2 XLE 02/16/24 Put 81.00 @ 2.48,-496.00,2,-248.00,0.00,-0.25,100,XLE,XLE,2/16/24,81,PUT,303829137,USD
2024-01-10T14:50:41-0600,Trade,Sell to Open,SELL_TO_OPEN,IWM   240315C00212000,Equity Option,Sold 1 IWM 03/15/24 Call 212.00 @ 1.38,138.00,1,138.00,-1.00,-0.14,100,IWM,IWM,3/15/24,212,CALL,302865912,USD
2024-01-10T14:50:41-0600,Trade,Sell to Open,SELL_TO_OPEN,IWM   240315P00179000,Equity Option,Sold 1 IWM 03/15/24 Put 179.00 @ 1.60,160.00,1,160.00,-1.00,-0.14,100,IWM,IWM,3/15/24,179,PUT,302865912,USD
2024-01-10T14:50:41-0600,Trade,Buy to Open,BUY_TO_OPEN,IWM   240315C00215000,Equity Option,Bought 1 IWM 03/15/24 Call 215.00 @ 0.99,-99.00,1,-99.00,-1.00,-0.13,100,IWM,IWM,3/15/24,215,CALL,302865912,USD
2024-01-10T14:50:41-0600,Trade,Buy to Open,BUY_TO_OPEN,IWM   240315P00176000,Equity Option,Bought 1 IWM 03/15/24 Put 176.00 @ 1.25,-125.00,1,-125.00,-1.00,-0.13,100,IWM,IWM,3/15/24,176,PUT,302865912,USD
2024-01-10T14:41:55-0600,Trade,Sell to Open,SELL_TO_OPEN,SMH   240202P00172000,Equity Option,Sold 1 SMH 02/02/24 Put 172.00 @ 3.80,380.00,1,380.00,-1.00,-0.14,100,SMH,SMH,2/02/24,172,PUT,302861411,USD
2024-01-10T14:41:55-0600,Trade,Buy to Open,BUY_TO_OPEN,SMH   240202P00169000,Equity Option,Bought 1 SMH 02/02/24 Put 169.00 @ 2.60,-260.00,1,-260.00,-1.00,-0.13,100,SMH,SMH,2/02/24,169,PUT,302861411,USD
2024-01-10T14:38:07-0600,Trade,Buy to Open,BUY_TO_OPEN,XOP   240202C00141000,Equity Option,Bought 1 XOP 02/02/24 Call 141.00 @ 0.76,-76.00,1,-76.00,-1.00,-0.13,100,XOP,XOP,2/02/24,141,CALL,302859919,USD
2024-01-10T14:38:07-0600,Trade,Sell to Open,SELL_TO_OPEN,XOP   240202C00138500,Equity Option,Sold 1 XOP 02/02/24 Call 138.50 @ 1.22,122.00,1,122.00,-1.00,-0.14,100,XOP,XOP,2/02/24,138.5,CALL,302859919,USD
2024-01-09T08:41:04-0600,Trade,Buy to Open,BUY_TO_OPEN,./SIH4 SOG4  240125C24.2,Future Option,Bought 1 /SIH4 SOG4 01/25/24 Call 24.200 @ 0.164,-820.00,1,-820.00,-2.50,-1.82,1,"./SIH4 SOG4  ",/SIH4,1/25/24,24.2,CALL,302513451,USD
2024-01-09T08:41:04-0600,Trade,Sell to Open,SELL_TO_OPEN,./SIH4 SOG4  240125C24.15,Future Option,Sold 1 /SIH4 SOG4 01/25/24 Call 24.150 @ 0.173,865.00,1,865.00,-2.50,-1.82,1,"./SIH4 SOG4  ",/SIH4,1/25/24,24.15,CALL,302513451,USD
2024-01-09T08:31:20-0600,Trade,Buy to Close,BUY_TO_CLOSE,EEM   240216P00036000,Equity Option,Bought 1 EEM 02/16/24 Put 36.00 @ 0.09,-9.00,1,-9.00,0.00,-0.13,100,EEM,EEM,2/16/24,36,PUT,298449618,USD
2024-01-09T08:31:20-0600,Trade,Buy to Close,BUY_TO_CLOSE,EEM   240216C00041500,Equity Option,Bought 1 EEM 02/16/24 Call 41.50 @ 0.16,-16.00,1,-16.00,0.00,-0.13,100,EEM,EEM,2/16/24,41.5,CALL,298449618,USD
2024-01-05T10:11:10-0600,Trade,Buy to Open,BUY_TO_OPEN,QQQ   240315C00434780,Equity Option,Bought 1 QQQ 03/15/24 Call 434.78 @ 1.62,-162.00,1,-162.00,-1.00,-0.13,100,QQQ,QQQ,3/15/24,434.78,CALL,302139838,USD
2024-01-05T10:11:10-0600,Trade,Sell to Open,SELL_TO_OPEN,QQQ   240315C00430000,Equity Option,Sold 1 QQQ 03/15/24 Call 430.00 @ 2.30,230.00,1,230.00,-1.00,-0.14,100,QQQ,QQQ,3/15/24,430,CALL,302139838,USD
2024-01-05T10:11:10-0600,Trade,Sell to Open,SELL_TO_OPEN,QQQ   240315P00367780,Equity Option,Sold 1 QQQ 03/15/24 Put 367.78 @ 2.89,289.00,1,289.00,-1.00,-0.14,100,QQQ,QQQ,3/15/24,367.78,PUT,302139838,USD
2024-01-05T10:11:10-0600,Trade,Buy to Open,BUY_TO_OPEN,QQQ   240315P00363780,Equity Option,Bought 1 QQQ 03/15/24 Put 363.78 @ 2.48,-248.00,1,-248.00,-1.00,-0.13,100,QQQ,QQQ,3/15/24,363.78,PUT,302139838,USD
2024-01-05T09:57:09-0600,Trade,Sell to Open,SELL_TO_OPEN,XLU   240216P00063000,Equity Option,Sold 1 XLU 02/16/24 Put 63.00 @ 0.74,74.00,1,74.00,-1.00,-0.14,100,XLU,XLU,2/16/24,63,PUT,302133284,USD
2024-01-05T09:52:36-0600,Trade,Buy to Open,BUY_TO_OPEN,XLE   240216P00077000,Equity Option,Bought 1 XLE 02/16/24 Put 77.00 @ 0.36,-36.00,1,-36.00,-1.00,-0.13,100,XLE,XLE,2/16/24,77,PUT,302130981,USD
2024-01-05T09:52:36-0600,Trade,Buy to Open,BUY_TO_OPEN,XLE   240216P00082000,Equity Option,Bought 1 XLE 02/16/24 Put 82.00 @ 1.13,-113.00,1,-113.00,-1.00,-0.13,100,XLE,XLE,2/16/24,82,PUT,302130981,USD
2024-01-05T09:52:36-0600,Trade,Sell to Open,SELL_TO_OPEN,XLE   240216P00081000,Equity Option,Sold 2 XLE 02/16/24 Put 81.00 @ 0.89,178.00,2,89.00,-2.00,-0.27,100,XLE,XLE,2/16/24,81,PUT,302130981,USD
2024-01-03T11:36:55-0600,Trade,Sell to Open,SELL_TO_OPEN,./MCLJ4MCOJ4 240315C85.75,Future Option,Sold 1 /MCLJ4 MCOJ4 03/15/24 Call 85.75 @ 0.8,80.00,1,80.00,-1.50,-1.07,1,"./MCLJ4MCOJ4 ",/MCLJ4,3/15/24,85.75,CALL,301771157,USD
2024-01-03T11:36:55-0600,Trade,Sell to Open,SELL_TO_OPEN,./MCLJ4MCOJ4 240315P62,Future Option,Sold 1 /MCLJ4 MCOJ4 03/15/24 Put 62.00 @ 1.12,112.00,1,112.00,-1.50,-1.07,1,"./MCLJ4MCOJ4 ",/MCLJ4,3/15/24,62,PUT,301771157,USD